2022-04-04 20:09:35.765 [main] INFO  c.e.e.c.l.manager.CbLicenseManager  - Reserving EHANDBOOK Container Build licenses
2022-04-04 20:09:37.876 [main] INFO  c.e.e.c.l.manager.CbLicenseManager  - License EHB_CB_UGG_ASCET is reserved.
2022-04-04 20:09:38.592 [main] INFO  c.e.e.c.l.manager.CbLicenseManager  - License EHB_CB_UGG_CCODE is reserved.
2022-04-04 20:09:39.307 [main] INFO  c.e.e.c.l.manager.CbLicenseManager  - License EHB_CB_UGG_SIMULINK is reserved.
2022-04-04 20:09:39.323 [main] INFO  c.e.e.c.a.p.CommonCliArgumentLogger - Unified Graphic Generator started with the version of the product - 10.0.0.
2022-04-04 20:09:39.323 [main] INFO  c.e.e.c.a.p.CommonCliArgumentLogger - Input arguments passed:
2022-04-04 20:09:39.333 [main] INFO  c.e.e.c.a.p.CommonCliArgumentLogger - i : .\Input_ugg
2022-04-04 20:09:39.333 [main] INFO  c.e.e.c.a.p.CommonCliArgumentLogger - o : .\Output_ugg
2022-04-04 20:09:39.333 [main] INFO  c.e.e.c.a.p.CommonCliArgumentLogger - zip
2022-04-04 20:09:39.335 [main] INFO  c.e.e.c.a.p.CommonCliArgumentLogger - All JVM arguments: [-Xms256m -Xmx8g -Dfile.encoding=UTF-8 -Dorg.eclipse.update.reconcile=false -Dlog4j2.loggerContextFactory=org.apache.logging.slf4j.SLF4JLoggerContextFactory -Dlog4j2.formatMsgNoLookups=true -DrectangularBlocksWithMask=Subsystem,S-Function,Constant,ToFile,Polyval,Integrator,MinMax,Product,SignalSpecification,Display,ToWorkspace,DataTypeDuplicate,SampleTimeMath,DiscreteIntegrator,Signum,Bias,UnaryMinus,Math,Assignment,RelationalOperator,Abs,Logic,Trignometry,Rounding,Find,ArithShift]
2022-04-04 20:09:39.505 [main] INFO  c.e.g.g.common.api.GraphicGenerator - Processing Matlab Simulink files
2022-04-04 20:09:39.509 [main] INFO  c.e.g.g.common.SimulinkProcessor    - MATLAB External Library path []
2022-04-04 20:09:39.550 [main] INFO  .Simulink2DataDefinitionServiceImpl - threadCountForMaskGeneration is set to 1
2022-04-04 20:09:39.560 [pool-1-thread-1] INFO  c.e.e.c.s.m.j.MatlabBridge          - Connecting to MATLAB
2022-04-04 20:09:50.784 [pool-1-thread-1] INFO  c.e.e.c.s.m.j.MatlabBridge          - Created a new instance of MATLAB tool and established the connection with version 2018b and process ID 20572.
2022-04-04 20:09:50.788 [pool-1-thread-1] DEBUG c.e.e.c.s.m.j.MatlabBridge          - 
+ Profiler [MATLAB startup]
|-- elapsed time        [Start MATLAB...]    11,227  seconds.
|-- Total                [MATLAB startup]    11,227  seconds.

2022-04-04 20:10:19.589 [pool-1-thread-1] INFO  c.e.e.c.s.m.j.MatlabBridge          - MATLAB workspace setup completed for the Simulink model : C:\eHandbook\Container\FlexECUDemo\Demos\Demo_UGG\.\Input_ugg\Actuators\Actuators.mdl
2022-04-04 20:10:21.108 [pool-1-thread-1] INFO  c.e.e.c.s.m.j.MatlabBridge          - Mask generation is in progress for C:\eHandbook\Container\FlexECUDemo\Demos\Demo_UGG\.\Input_ugg\Actuators\Actuators.mdl
2022-04-04 20:11:58.481 [pool-1-thread-1] INFO  c.e.e.c.s.m.j.MatlabBridge          - Mask generation completed for C:\eHandbook\Container\FlexECUDemo\Demos\Demo_UGG\.\Input_ugg\Actuators\Actuators.mdl in 127 seconds
2022-04-04 20:11:58.544 [pool-1-thread-1] INFO  c.e.e.c.s.m.j.MatlabBridge          - Disconnected from MATLAB
2022-04-04 20:11:59.059 [pool-1-thread-1] INFO  c.e.e.c.s.m.j.MatlabBridge          - Ended MATLAB process : 20572
2022-04-04 20:11:59.060 [main] DEBUG .Simulink2DataDefinitionServiceImpl - 
+ Profiler [MATLAB mask generation]
|-- elapsed time [Obtaining maximum model count for mask Generation by Each Matlab Instance]     0,000  seconds.
|-- elapsed time  [Execute mask commands]   139,509  seconds.
|-- Total        [MATLAB mask generation]   139,510  seconds.

2022-04-04 20:11:59.921 [main] INFO  m.c.s.i.r.SimulinkLibraryModelCache - Simulink library cache size is set to 100
2022-04-04 20:11:59.945 [main] INFO  c.e.g.g.common.SimulinkProcessor    - MATLAB External Library path []
2022-04-04 20:11:59.975 [main] INFO  .e.g.g.c.s.s.SimulinkImageSynthesis - Converting the model file Actuators.mdl
2022-04-04 20:12:00.541 [main] INFO  .e.e.c.i.s.c.SimulinkModelProcessor - Converting Simulink model file Actuators.mdl (R2014b)
2022-04-04 20:12:04.033 [main] INFO  c.e.m.c.k.i.g.KlighdSvgGenerator    - SVG image generated by Klighd: C:\eHandbook\Container\FlexECUDemo\Demos\Demo_UGG\.\Output_ugg\ImageGeneratorFolder\Simulink\Actuators\DEFAULT\images\S_aab69.svg
2022-04-04 20:12:04.054 [main] ERROR c.e.e.c.i.s.c.m.ReferenceConverter  - Cannot retrieve actual type for Simulink block Actuators/Actuators_mdl/Tvc/ThrottleValvePosition/Interval Test1 [Reference, 1:1].
com.etas.mex.common.simulink.reader.datainterpreter.DataProcessorException: Cannot find reference simulink/Logic and Bit\nOperations/Interval Test for block Actuators/Actuators_mdl/Tvc/ThrottleValvePosition/Interval Test1 [Reference, 1:1]
	at com.etas.mex.common.simulink.reader.internal.dataprocessor.impl.SimulinkBlockProcessor.getReferenceSimulinkBlock(SimulinkBlockProcessor.java:189)
	at com.etas.mex.common.simulink.reader.internal.dataprocessor.impl.SimulinkBlockProcessor.getReferenceModel(SimulinkBlockProcessor.java:174)
	at com.etas.ehcb.common.internal.simulink2kaom.converters.model.ReferenceConverter.getActualType(ReferenceConverter.java:41)
	at com.etas.ehcb.common.internal.simulink2kaom.converters.SimulinkModelProcessor.createKaom(SimulinkModelProcessor.java:1022)
	at com.etas.ehcb.common.internal.simulink2kaom.converters.SimulinkModelProcessor.createKaom(SimulinkModelProcessor.java:664)
	at com.etas.ehcb.common.internal.simulink2kaom.converters.SimulinkModelProcessor.addSubBlock(SimulinkModelProcessor.java:477)
	at com.etas.ehcb.common.internal.simulink2kaom.converters.SimulinkModelProcessor.addSimulinkBlocks(SimulinkModelProcessor.java:340)
	at com.etas.ehcb.common.internal.simulink2kaom.converters.SimulinkModelProcessor.addSubBlock(SimulinkModelProcessor.java:536)
	at com.etas.ehcb.common.internal.simulink2kaom.converters.SimulinkModelProcessor.addSubBlock(SimulinkModelProcessor.java:478)
	at com.etas.ehcb.common.internal.simulink2kaom.converters.SimulinkModelProcessor.addSimulinkBlocks(SimulinkModelProcessor.java:340)
	at com.etas.ehcb.common.internal.simulink2kaom.converters.SimulinkModelProcessor.addSubBlock(SimulinkModelProcessor.java:536)
	at com.etas.ehcb.common.internal.simulink2kaom.converters.SimulinkModelProcessor.addSubBlock(SimulinkModelProcessor.java:478)
	at com.etas.ehcb.common.internal.simulink2kaom.converters.SimulinkModelProcessor.addSimulinkBlocks(SimulinkModelProcessor.java:340)
	at com.etas.ehcb.common.internal.simulink2kaom.converters.SimulinkModelProcessor.addSubBlock(SimulinkModelProcessor.java:536)
	at com.etas.ehcb.common.internal.simulink2kaom.converters.SimulinkModelProcessor.addSubBlock(SimulinkModelProcessor.java:478)
	at com.etas.ehcb.common.internal.simulink2kaom.converters.SimulinkModelProcessor.addSimulinkBlocks(SimulinkModelProcessor.java:340)
	at com.etas.ehcb.common.internal.simulink2kaom.converters.SimulinkModelProcessor.createKaomFromConverters(SimulinkModelProcessor.java:220)
	at com.etas.ehcb.common.internal.simulink2kaom.converters.SimulinkModelProcessor.convertSimulinkModel2KaomModel(SimulinkModelProcessor.java:169)
	at com.etas.ehcb.common.internal.simulink2kaom.converters.Simulink2KaomConverter.convert(Simulink2KaomConverter.java:67)
	at com.etas.ehcb.common.api.KaomFactory.getEntity(KaomFactory.java:46)
	at com.etas.graphic.generation.common.synthesis.simulink.SimulinkImageSynthesis.createKaoms(SimulinkImageSynthesis.java:106)
	at com.etas.graphic.generation.common.synthesis.simulink.SimulinkImageSynthesis.generateKaomsImages(SimulinkImageSynthesis.java:82)
	at com.etas.graphic.generation.common.api.GraphicGenerator.generateImagesKaom(GraphicGenerator.java:214)
	at java.base/java.util.Optional.ifPresent(Optional.java:183)
	at com.etas.graphic.generation.common.api.GraphicGenerator.generateImagesKaom(GraphicGenerator.java:207)
	at com.etas.graphic.generation.common.api.GraphicGenerator.lambda$4(GraphicGenerator.java:187)
	at java.base/java.util.stream.ForEachOps$ForEachOp$OfRef.accept(ForEachOps.java:183)
	at java.base/java.util.stream.ReferencePipeline$2$1.accept(ReferencePipeline.java:177)
	at java.base/java.util.stream.ReferencePipeline$3$1.accept(ReferencePipeline.java:195)
	at java.base/java.util.Iterator.forEachRemaining(Iterator.java:133)
	at java.base/java.util.Spliterators$IteratorSpliterator.forEachRemaining(Spliterators.java:1801)
	at java.base/java.util.stream.AbstractPipeline.copyInto(AbstractPipeline.java:484)
	at java.base/java.util.stream.AbstractPipeline.wrapAndCopyInto(AbstractPipeline.java:474)
	at java.base/java.util.stream.ForEachOps$ForEachOp.evaluateSequential(ForEachOps.java:150)
	at java.base/java.util.stream.ForEachOps$ForEachOp$OfRef.evaluateSequential(ForEachOps.java:173)
	at java.base/java.util.stream.AbstractPipeline.evaluate(AbstractPipeline.java:234)
	at java.base/java.util.stream.ReferencePipeline.forEach(ReferencePipeline.java:497)
	at com.etas.graphic.generation.common.api.GraphicGenerator.parseInputFile(GraphicGenerator.java:187)
	at com.etas.graphic.generation.common.api.GraphicGenerator.generate(GraphicGenerator.java:84)
	at com.etas.graphic.generation.Application.initiateGraphicGeneration(Application.java:231)
	at com.etas.graphic.generation.Application.start(Application.java:106)
	at org.eclipse.equinox.internal.app.EclipseAppHandle.run(EclipseAppHandle.java:203)
	at org.eclipse.core.runtime.internal.adaptor.EclipseAppLauncher.runApplication(EclipseAppLauncher.java:136)
	at org.eclipse.core.runtime.internal.adaptor.EclipseAppLauncher.start(EclipseAppLauncher.java:104)
	at org.eclipse.core.runtime.adaptor.EclipseStarter.run(EclipseStarter.java:401)
	at org.eclipse.core.runtime.adaptor.EclipseStarter.run(EclipseStarter.java:255)
	at java.base/jdk.internal.reflect.NativeMethodAccessorImpl.invoke0(Native Method)
	at java.base/jdk.internal.reflect.NativeMethodAccessorImpl.invoke(NativeMethodAccessorImpl.java:62)
	at java.base/jdk.internal.reflect.DelegatingMethodAccessorImpl.invoke(DelegatingMethodAccessorImpl.java:43)
	at java.base/java.lang.reflect.Method.invoke(Method.java:566)
	at org.eclipse.equinox.launcher.Main.invokeFramework(Main.java:659)
	at org.eclipse.equinox.launcher.Main.basicRun(Main.java:596)
	at org.eclipse.equinox.launcher.Main.run(Main.java:1467)
2022-04-04 20:12:04.057 [main] ERROR e.e.c.i.s.c.m.SimulinkBaseConverter - Failed to get source block : Cannot find reference simulink/Logic and Bit\nOperations/Interval Test for block Actuators/Actuators_mdl/Tvc/ThrottleValvePosition/Interval Test1 [Reference, 1:1]
com.etas.mex.common.simulink.reader.datainterpreter.DataProcessorException: Cannot find reference simulink/Logic and Bit\nOperations/Interval Test for block Actuators/Actuators_mdl/Tvc/ThrottleValvePosition/Interval Test1 [Reference, 1:1]
	at com.etas.mex.common.simulink.reader.internal.dataprocessor.impl.SimulinkBlockProcessor.getReferenceSimulinkBlock(SimulinkBlockProcessor.java:189)
	at com.etas.mex.common.simulink.reader.internal.dataprocessor.impl.SimulinkBlockProcessor.getReferenceModel(SimulinkBlockProcessor.java:174)
	at com.etas.ehcb.common.internal.simulink2kaom.converters.model.SimulinkBaseConverter.setSourceSimulinkBlock(SimulinkBaseConverter.java:170)
	at com.etas.ehcb.common.internal.simulink2kaom.converters.model.SimulinkBaseConverter.createEntity(SimulinkBaseConverter.java:135)
	at com.etas.ehcb.common.internal.simulink2kaom.converters.model.SimulinkBlockConverter.createEntity(SimulinkBlockConverter.java:104)
	at com.etas.ehcb.common.internal.simulink2kaom.converters.model.NonHierarchicalBlockConverter.createEntity(NonHierarchicalBlockConverter.java:33)
	at com.etas.ehcb.common.internal.simulink2kaom.converters.model.DefaultConverter.createEntity(DefaultConverter.java:43)
	at com.etas.ehcb.common.internal.simulink2kaom.converters.SimulinkModelProcessor.createKaom(SimulinkModelProcessor.java:1035)
	at com.etas.ehcb.common.internal.simulink2kaom.converters.SimulinkModelProcessor.createKaom(SimulinkModelProcessor.java:664)
	at com.etas.ehcb.common.internal.simulink2kaom.converters.SimulinkModelProcessor.addSubBlock(SimulinkModelProcessor.java:477)
	at com.etas.ehcb.common.internal.simulink2kaom.converters.SimulinkModelProcessor.addSimulinkBlocks(SimulinkModelProcessor.java:340)
	at com.etas.ehcb.common.internal.simulink2kaom.converters.SimulinkModelProcessor.addSubBlock(SimulinkModelProcessor.java:536)
	at com.etas.ehcb.common.internal.simulink2kaom.converters.SimulinkModelProcessor.addSubBlock(SimulinkModelProcessor.java:478)
	at com.etas.ehcb.common.internal.simulink2kaom.converters.SimulinkModelProcessor.addSimulinkBlocks(SimulinkModelProcessor.java:340)
	at com.etas.ehcb.common.internal.simulink2kaom.converters.SimulinkModelProcessor.addSubBlock(SimulinkModelProcessor.java:536)
	at com.etas.ehcb.common.internal.simulink2kaom.converters.SimulinkModelProcessor.addSubBlock(SimulinkModelProcessor.java:478)
	at com.etas.ehcb.common.internal.simulink2kaom.converters.SimulinkModelProcessor.addSimulinkBlocks(SimulinkModelProcessor.java:340)
	at com.etas.ehcb.common.internal.simulink2kaom.converters.SimulinkModelProcessor.addSubBlock(SimulinkModelProcessor.java:536)
	at com.etas.ehcb.common.internal.simulink2kaom.converters.SimulinkModelProcessor.addSubBlock(SimulinkModelProcessor.java:478)
	at com.etas.ehcb.common.internal.simulink2kaom.converters.SimulinkModelProcessor.addSimulinkBlocks(SimulinkModelProcessor.java:340)
	at com.etas.ehcb.common.internal.simulink2kaom.converters.SimulinkModelProcessor.createKaomFromConverters(SimulinkModelProcessor.java:220)
	at com.etas.ehcb.common.internal.simulink2kaom.converters.SimulinkModelProcessor.convertSimulinkModel2KaomModel(SimulinkModelProcessor.java:169)
	at com.etas.ehcb.common.internal.simulink2kaom.converters.Simulink2KaomConverter.convert(Simulink2KaomConverter.java:67)
	at com.etas.ehcb.common.api.KaomFactory.getEntity(KaomFactory.java:46)
	at com.etas.graphic.generation.common.synthesis.simulink.SimulinkImageSynthesis.createKaoms(SimulinkImageSynthesis.java:106)
	at com.etas.graphic.generation.common.synthesis.simulink.SimulinkImageSynthesis.generateKaomsImages(SimulinkImageSynthesis.java:82)
	at com.etas.graphic.generation.common.api.GraphicGenerator.generateImagesKaom(GraphicGenerator.java:214)
	at java.base/java.util.Optional.ifPresent(Optional.java:183)
	at com.etas.graphic.generation.common.api.GraphicGenerator.generateImagesKaom(GraphicGenerator.java:207)
	at com.etas.graphic.generation.common.api.GraphicGenerator.lambda$4(GraphicGenerator.java:187)
	at java.base/java.util.stream.ForEachOps$ForEachOp$OfRef.accept(ForEachOps.java:183)
	at java.base/java.util.stream.ReferencePipeline$2$1.accept(ReferencePipeline.java:177)
	at java.base/java.util.stream.ReferencePipeline$3$1.accept(ReferencePipeline.java:195)
	at java.base/java.util.Iterator.forEachRemaining(Iterator.java:133)
	at java.base/java.util.Spliterators$IteratorSpliterator.forEachRemaining(Spliterators.java:1801)
	at java.base/java.util.stream.AbstractPipeline.copyInto(AbstractPipeline.java:484)
	at java.base/java.util.stream.AbstractPipeline.wrapAndCopyInto(AbstractPipeline.java:474)
	at java.base/java.util.stream.ForEachOps$ForEachOp.evaluateSequential(ForEachOps.java:150)
	at java.base/java.util.stream.ForEachOps$ForEachOp$OfRef.evaluateSequential(ForEachOps.java:173)
	at java.base/java.util.stream.AbstractPipeline.evaluate(AbstractPipeline.java:234)
	at java.base/java.util.stream.ReferencePipeline.forEach(ReferencePipeline.java:497)
	at com.etas.graphic.generation.common.api.GraphicGenerator.parseInputFile(GraphicGenerator.java:187)
	at com.etas.graphic.generation.common.api.GraphicGenerator.generate(GraphicGenerator.java:84)
	at com.etas.graphic.generation.Application.initiateGraphicGeneration(Application.java:231)
	at com.etas.graphic.generation.Application.start(Application.java:106)
	at org.eclipse.equinox.internal.app.EclipseAppHandle.run(EclipseAppHandle.java:203)
	at org.eclipse.core.runtime.internal.adaptor.EclipseAppLauncher.runApplication(EclipseAppLauncher.java:136)
	at org.eclipse.core.runtime.internal.adaptor.EclipseAppLauncher.start(EclipseAppLauncher.java:104)
	at org.eclipse.core.runtime.adaptor.EclipseStarter.run(EclipseStarter.java:401)
	at org.eclipse.core.runtime.adaptor.EclipseStarter.run(EclipseStarter.java:255)
	at java.base/jdk.internal.reflect.NativeMethodAccessorImpl.invoke0(Native Method)
	at java.base/jdk.internal.reflect.NativeMethodAccessorImpl.invoke(NativeMethodAccessorImpl.java:62)
	at java.base/jdk.internal.reflect.DelegatingMethodAccessorImpl.invoke(DelegatingMethodAccessorImpl.java:43)
	at java.base/java.lang.reflect.Method.invoke(Method.java:566)
	at org.eclipse.equinox.launcher.Main.invokeFramework(Main.java:659)
	at org.eclipse.equinox.launcher.Main.basicRun(Main.java:596)
	at org.eclipse.equinox.launcher.Main.run(Main.java:1467)
2022-04-04 20:12:04.072 [main] ERROR e.e.c.i.s.c.m.SimulinkBaseConverter - Failed to get source block : Cannot find reference simulink/Logic and Bit\nOperations/Interval Test for block Actuators/Actuators_mdl/Tvc/ThrottleValvePosition/Interval Test1 [Reference, 1:1]
com.etas.mex.common.simulink.reader.datainterpreter.DataProcessorException: Cannot find reference simulink/Logic and Bit\nOperations/Interval Test for block Actuators/Actuators_mdl/Tvc/ThrottleValvePosition/Interval Test1 [Reference, 1:1]
	at com.etas.mex.common.simulink.reader.internal.dataprocessor.impl.SimulinkBlockProcessor.getReferenceSimulinkBlock(SimulinkBlockProcessor.java:189)
	at com.etas.mex.common.simulink.reader.internal.dataprocessor.impl.SimulinkBlockProcessor.getReferenceModel(SimulinkBlockProcessor.java:174)
	at com.etas.ehcb.common.internal.simulink2kaom.converters.model.SimulinkBaseConverter.setSourceSimulinkBlock(SimulinkBaseConverter.java:170)
	at com.etas.ehcb.common.internal.simulink2kaom.converters.model.DefaultPortConverter.createPorts(DefaultPortConverter.java:40)
	at com.etas.ehcb.common.internal.simulink2kaom.converters.model.SimulinkBlockConverter.attachPorts(SimulinkBlockConverter.java:574)
	at com.etas.ehcb.common.internal.simulink2kaom.converters.model.DefaultConverter.createEntity(DefaultConverter.java:58)
	at com.etas.ehcb.common.internal.simulink2kaom.converters.SimulinkModelProcessor.createKaom(SimulinkModelProcessor.java:1035)
	at com.etas.ehcb.common.internal.simulink2kaom.converters.SimulinkModelProcessor.createKaom(SimulinkModelProcessor.java:664)
	at com.etas.ehcb.common.internal.simulink2kaom.converters.SimulinkModelProcessor.addSubBlock(SimulinkModelProcessor.java:477)
	at com.etas.ehcb.common.internal.simulink2kaom.converters.SimulinkModelProcessor.addSimulinkBlocks(SimulinkModelProcessor.java:340)
	at com.etas.ehcb.common.internal.simulink2kaom.converters.SimulinkModelProcessor.addSubBlock(SimulinkModelProcessor.java:536)
	at com.etas.ehcb.common.internal.simulink2kaom.converters.SimulinkModelProcessor.addSubBlock(SimulinkModelProcessor.java:478)
	at com.etas.ehcb.common.internal.simulink2kaom.converters.SimulinkModelProcessor.addSimulinkBlocks(SimulinkModelProcessor.java:340)
	at com.etas.ehcb.common.internal.simulink2kaom.converters.SimulinkModelProcessor.addSubBlock(SimulinkModelProcessor.java:536)
	at com.etas.ehcb.common.internal.simulink2kaom.converters.SimulinkModelProcessor.addSubBlock(SimulinkModelProcessor.java:478)
	at com.etas.ehcb.common.internal.simulink2kaom.converters.SimulinkModelProcessor.addSimulinkBlocks(SimulinkModelProcessor.java:340)
	at com.etas.ehcb.common.internal.simulink2kaom.converters.SimulinkModelProcessor.addSubBlock(SimulinkModelProcessor.java:536)
	at com.etas.ehcb.common.internal.simulink2kaom.converters.SimulinkModelProcessor.addSubBlock(SimulinkModelProcessor.java:478)
	at com.etas.ehcb.common.internal.simulink2kaom.converters.SimulinkModelProcessor.addSimulinkBlocks(SimulinkModelProcessor.java:340)
	at com.etas.ehcb.common.internal.simulink2kaom.converters.SimulinkModelProcessor.createKaomFromConverters(SimulinkModelProcessor.java:220)
	at com.etas.ehcb.common.internal.simulink2kaom.converters.SimulinkModelProcessor.convertSimulinkModel2KaomModel(SimulinkModelProcessor.java:169)
	at com.etas.ehcb.common.internal.simulink2kaom.converters.Simulink2KaomConverter.convert(Simulink2KaomConverter.java:67)
	at com.etas.ehcb.common.api.KaomFactory.getEntity(KaomFactory.java:46)
	at com.etas.graphic.generation.common.synthesis.simulink.SimulinkImageSynthesis.createKaoms(SimulinkImageSynthesis.java:106)
	at com.etas.graphic.generation.common.synthesis.simulink.SimulinkImageSynthesis.generateKaomsImages(SimulinkImageSynthesis.java:82)
	at com.etas.graphic.generation.common.api.GraphicGenerator.generateImagesKaom(GraphicGenerator.java:214)
	at java.base/java.util.Optional.ifPresent(Optional.java:183)
	at com.etas.graphic.generation.common.api.GraphicGenerator.generateImagesKaom(GraphicGenerator.java:207)
	at com.etas.graphic.generation.common.api.GraphicGenerator.lambda$4(GraphicGenerator.java:187)
	at java.base/java.util.stream.ForEachOps$ForEachOp$OfRef.accept(ForEachOps.java:183)
	at java.base/java.util.stream.ReferencePipeline$2$1.accept(ReferencePipeline.java:177)
	at java.base/java.util.stream.ReferencePipeline$3$1.accept(ReferencePipeline.java:195)
	at java.base/java.util.Iterator.forEachRemaining(Iterator.java:133)
	at java.base/java.util.Spliterators$IteratorSpliterator.forEachRemaining(Spliterators.java:1801)
	at java.base/java.util.stream.AbstractPipeline.copyInto(AbstractPipeline.java:484)
	at java.base/java.util.stream.AbstractPipeline.wrapAndCopyInto(AbstractPipeline.java:474)
	at java.base/java.util.stream.ForEachOps$ForEachOp.evaluateSequential(ForEachOps.java:150)
	at java.base/java.util.stream.ForEachOps$ForEachOp$OfRef.evaluateSequential(ForEachOps.java:173)
	at java.base/java.util.stream.AbstractPipeline.evaluate(AbstractPipeline.java:234)
	at java.base/java.util.stream.ReferencePipeline.forEach(ReferencePipeline.java:497)
	at com.etas.graphic.generation.common.api.GraphicGenerator.parseInputFile(GraphicGenerator.java:187)
	at com.etas.graphic.generation.common.api.GraphicGenerator.generate(GraphicGenerator.java:84)
	at com.etas.graphic.generation.Application.initiateGraphicGeneration(Application.java:231)
	at com.etas.graphic.generation.Application.start(Application.java:106)
	at org.eclipse.equinox.internal.app.EclipseAppHandle.run(EclipseAppHandle.java:203)
	at org.eclipse.core.runtime.internal.adaptor.EclipseAppLauncher.runApplication(EclipseAppLauncher.java:136)
	at org.eclipse.core.runtime.internal.adaptor.EclipseAppLauncher.start(EclipseAppLauncher.java:104)
	at org.eclipse.core.runtime.adaptor.EclipseStarter.run(EclipseStarter.java:401)
	at org.eclipse.core.runtime.adaptor.EclipseStarter.run(EclipseStarter.java:255)
	at java.base/jdk.internal.reflect.NativeMethodAccessorImpl.invoke0(Native Method)
	at java.base/jdk.internal.reflect.NativeMethodAccessorImpl.invoke(NativeMethodAccessorImpl.java:62)
	at java.base/jdk.internal.reflect.DelegatingMethodAccessorImpl.invoke(DelegatingMethodAccessorImpl.java:43)
	at java.base/java.lang.reflect.Method.invoke(Method.java:566)
	at org.eclipse.equinox.launcher.Main.invokeFramework(Main.java:659)
	at org.eclipse.equinox.launcher.Main.basicRun(Main.java:596)
	at org.eclipse.equinox.launcher.Main.run(Main.java:1467)
2022-04-04 20:12:04.294 [main] INFO  c.e.m.c.k.i.g.KlighdSvgGenerator    - SVG image generated by Klighd: C:\eHandbook\Container\FlexECUDemo\Demos\Demo_UGG\.\Output_ugg\ImageGeneratorFolder\Simulink\Actuators\DEFAULT\images\S_aab104.svg
2022-04-04 20:12:04.312 [main] ERROR c.e.e.c.i.s.c.m.ReferenceConverter  - Cannot retrieve actual type for Simulink block Actuators/Actuators_mdl/Tvc/ThrottleValvePosition/Interval Test [Reference, 1:1].
com.etas.mex.common.simulink.reader.datainterpreter.DataProcessorException: Cannot find reference simulink/Logic and Bit\nOperations/Interval Test for block Actuators/Actuators_mdl/Tvc/ThrottleValvePosition/Interval Test [Reference, 1:1]
	at com.etas.mex.common.simulink.reader.internal.dataprocessor.impl.SimulinkBlockProcessor.getReferenceSimulinkBlock(SimulinkBlockProcessor.java:189)
	at com.etas.mex.common.simulink.reader.internal.dataprocessor.impl.SimulinkBlockProcessor.getReferenceModel(SimulinkBlockProcessor.java:174)
	at com.etas.ehcb.common.internal.simulink2kaom.converters.model.ReferenceConverter.getActualType(ReferenceConverter.java:41)
	at com.etas.ehcb.common.internal.simulink2kaom.converters.SimulinkModelProcessor.createKaom(SimulinkModelProcessor.java:1022)
	at com.etas.ehcb.common.internal.simulink2kaom.converters.SimulinkModelProcessor.createKaom(SimulinkModelProcessor.java:664)
	at com.etas.ehcb.common.internal.simulink2kaom.converters.SimulinkModelProcessor.addSubBlock(SimulinkModelProcessor.java:477)
	at com.etas.ehcb.common.internal.simulink2kaom.converters.SimulinkModelProcessor.addSimulinkBlocks(SimulinkModelProcessor.java:340)
	at com.etas.ehcb.common.internal.simulink2kaom.converters.SimulinkModelProcessor.addSubBlock(SimulinkModelProcessor.java:536)
	at com.etas.ehcb.common.internal.simulink2kaom.converters.SimulinkModelProcessor.addSubBlock(SimulinkModelProcessor.java:478)
	at com.etas.ehcb.common.internal.simulink2kaom.converters.SimulinkModelProcessor.addSimulinkBlocks(SimulinkModelProcessor.java:340)
	at com.etas.ehcb.common.internal.simulink2kaom.converters.SimulinkModelProcessor.addSubBlock(SimulinkModelProcessor.java:536)
	at com.etas.ehcb.common.internal.simulink2kaom.converters.SimulinkModelProcessor.addSubBlock(SimulinkModelProcessor.java:478)
	at com.etas.ehcb.common.internal.simulink2kaom.converters.SimulinkModelProcessor.addSimulinkBlocks(SimulinkModelProcessor.java:340)
	at com.etas.ehcb.common.internal.simulink2kaom.converters.SimulinkModelProcessor.addSubBlock(SimulinkModelProcessor.java:536)
	at com.etas.ehcb.common.internal.simulink2kaom.converters.SimulinkModelProcessor.addSubBlock(SimulinkModelProcessor.java:478)
	at com.etas.ehcb.common.internal.simulink2kaom.converters.SimulinkModelProcessor.addSimulinkBlocks(SimulinkModelProcessor.java:340)
	at com.etas.ehcb.common.internal.simulink2kaom.converters.SimulinkModelProcessor.createKaomFromConverters(SimulinkModelProcessor.java:220)
	at com.etas.ehcb.common.internal.simulink2kaom.converters.SimulinkModelProcessor.convertSimulinkModel2KaomModel(SimulinkModelProcessor.java:169)
	at com.etas.ehcb.common.internal.simulink2kaom.converters.Simulink2KaomConverter.convert(Simulink2KaomConverter.java:67)
	at com.etas.ehcb.common.api.KaomFactory.getEntity(KaomFactory.java:46)
	at com.etas.graphic.generation.common.synthesis.simulink.SimulinkImageSynthesis.createKaoms(SimulinkImageSynthesis.java:106)
	at com.etas.graphic.generation.common.synthesis.simulink.SimulinkImageSynthesis.generateKaomsImages(SimulinkImageSynthesis.java:82)
	at com.etas.graphic.generation.common.api.GraphicGenerator.generateImagesKaom(GraphicGenerator.java:214)
	at java.base/java.util.Optional.ifPresent(Optional.java:183)
	at com.etas.graphic.generation.common.api.GraphicGenerator.generateImagesKaom(GraphicGenerator.java:207)
	at com.etas.graphic.generation.common.api.GraphicGenerator.lambda$4(GraphicGenerator.java:187)
	at java.base/java.util.stream.ForEachOps$ForEachOp$OfRef.accept(ForEachOps.java:183)
	at java.base/java.util.stream.ReferencePipeline$2$1.accept(ReferencePipeline.java:177)
	at java.base/java.util.stream.ReferencePipeline$3$1.accept(ReferencePipeline.java:195)
	at java.base/java.util.Iterator.forEachRemaining(Iterator.java:133)
	at java.base/java.util.Spliterators$IteratorSpliterator.forEachRemaining(Spliterators.java:1801)
	at java.base/java.util.stream.AbstractPipeline.copyInto(AbstractPipeline.java:484)
	at java.base/java.util.stream.AbstractPipeline.wrapAndCopyInto(AbstractPipeline.java:474)
	at java.base/java.util.stream.ForEachOps$ForEachOp.evaluateSequential(ForEachOps.java:150)
	at java.base/java.util.stream.ForEachOps$ForEachOp$OfRef.evaluateSequential(ForEachOps.java:173)
	at java.base/java.util.stream.AbstractPipeline.evaluate(AbstractPipeline.java:234)
	at java.base/java.util.stream.ReferencePipeline.forEach(ReferencePipeline.java:497)
	at com.etas.graphic.generation.common.api.GraphicGenerator.parseInputFile(GraphicGenerator.java:187)
	at com.etas.graphic.generation.common.api.GraphicGenerator.generate(GraphicGenerator.java:84)
	at com.etas.graphic.generation.Application.initiateGraphicGeneration(Application.java:231)
	at com.etas.graphic.generation.Application.start(Application.java:106)
	at org.eclipse.equinox.internal.app.EclipseAppHandle.run(EclipseAppHandle.java:203)
	at org.eclipse.core.runtime.internal.adaptor.EclipseAppLauncher.runApplication(EclipseAppLauncher.java:136)
	at org.eclipse.core.runtime.internal.adaptor.EclipseAppLauncher.start(EclipseAppLauncher.java:104)
	at org.eclipse.core.runtime.adaptor.EclipseStarter.run(EclipseStarter.java:401)
	at org.eclipse.core.runtime.adaptor.EclipseStarter.run(EclipseStarter.java:255)
	at java.base/jdk.internal.reflect.NativeMethodAccessorImpl.invoke0(Native Method)
	at java.base/jdk.internal.reflect.NativeMethodAccessorImpl.invoke(NativeMethodAccessorImpl.java:62)
	at java.base/jdk.internal.reflect.DelegatingMethodAccessorImpl.invoke(DelegatingMethodAccessorImpl.java:43)
	at java.base/java.lang.reflect.Method.invoke(Method.java:566)
	at org.eclipse.equinox.launcher.Main.invokeFramework(Main.java:659)
	at org.eclipse.equinox.launcher.Main.basicRun(Main.java:596)
	at org.eclipse.equinox.launcher.Main.run(Main.java:1467)
2022-04-04 20:12:04.314 [main] ERROR e.e.c.i.s.c.m.SimulinkBaseConverter - Failed to get source block : Cannot find reference simulink/Logic and Bit\nOperations/Interval Test for block Actuators/Actuators_mdl/Tvc/ThrottleValvePosition/Interval Test [Reference, 1:1]
com.etas.mex.common.simulink.reader.datainterpreter.DataProcessorException: Cannot find reference simulink/Logic and Bit\nOperations/Interval Test for block Actuators/Actuators_mdl/Tvc/ThrottleValvePosition/Interval Test [Reference, 1:1]
	at com.etas.mex.common.simulink.reader.internal.dataprocessor.impl.SimulinkBlockProcessor.getReferenceSimulinkBlock(SimulinkBlockProcessor.java:189)
	at com.etas.mex.common.simulink.reader.internal.dataprocessor.impl.SimulinkBlockProcessor.getReferenceModel(SimulinkBlockProcessor.java:174)
	at com.etas.ehcb.common.internal.simulink2kaom.converters.model.SimulinkBaseConverter.setSourceSimulinkBlock(SimulinkBaseConverter.java:170)
	at com.etas.ehcb.common.internal.simulink2kaom.converters.model.SimulinkBaseConverter.createEntity(SimulinkBaseConverter.java:135)
	at com.etas.ehcb.common.internal.simulink2kaom.converters.model.SimulinkBlockConverter.createEntity(SimulinkBlockConverter.java:104)
	at com.etas.ehcb.common.internal.simulink2kaom.converters.model.NonHierarchicalBlockConverter.createEntity(NonHierarchicalBlockConverter.java:33)
	at com.etas.ehcb.common.internal.simulink2kaom.converters.model.DefaultConverter.createEntity(DefaultConverter.java:43)
	at com.etas.ehcb.common.internal.simulink2kaom.converters.SimulinkModelProcessor.createKaom(SimulinkModelProcessor.java:1035)
	at com.etas.ehcb.common.internal.simulink2kaom.converters.SimulinkModelProcessor.createKaom(SimulinkModelProcessor.java:664)
	at com.etas.ehcb.common.internal.simulink2kaom.converters.SimulinkModelProcessor.addSubBlock(SimulinkModelProcessor.java:477)
	at com.etas.ehcb.common.internal.simulink2kaom.converters.SimulinkModelProcessor.addSimulinkBlocks(SimulinkModelProcessor.java:340)
	at com.etas.ehcb.common.internal.simulink2kaom.converters.SimulinkModelProcessor.addSubBlock(SimulinkModelProcessor.java:536)
	at com.etas.ehcb.common.internal.simulink2kaom.converters.SimulinkModelProcessor.addSubBlock(SimulinkModelProcessor.java:478)
	at com.etas.ehcb.common.internal.simulink2kaom.converters.SimulinkModelProcessor.addSimulinkBlocks(SimulinkModelProcessor.java:340)
	at com.etas.ehcb.common.internal.simulink2kaom.converters.SimulinkModelProcessor.addSubBlock(SimulinkModelProcessor.java:536)
	at com.etas.ehcb.common.internal.simulink2kaom.converters.SimulinkModelProcessor.addSubBlock(SimulinkModelProcessor.java:478)
	at com.etas.ehcb.common.internal.simulink2kaom.converters.SimulinkModelProcessor.addSimulinkBlocks(SimulinkModelProcessor.java:340)
	at com.etas.ehcb.common.internal.simulink2kaom.converters.SimulinkModelProcessor.addSubBlock(SimulinkModelProcessor.java:536)
	at com.etas.ehcb.common.internal.simulink2kaom.converters.SimulinkModelProcessor.addSubBlock(SimulinkModelProcessor.java:478)
	at com.etas.ehcb.common.internal.simulink2kaom.converters.SimulinkModelProcessor.addSimulinkBlocks(SimulinkModelProcessor.java:340)
	at com.etas.ehcb.common.internal.simulink2kaom.converters.SimulinkModelProcessor.createKaomFromConverters(SimulinkModelProcessor.java:220)
	at com.etas.ehcb.common.internal.simulink2kaom.converters.SimulinkModelProcessor.convertSimulinkModel2KaomModel(SimulinkModelProcessor.java:169)
	at com.etas.ehcb.common.internal.simulink2kaom.converters.Simulink2KaomConverter.convert(Simulink2KaomConverter.java:67)
	at com.etas.ehcb.common.api.KaomFactory.getEntity(KaomFactory.java:46)
	at com.etas.graphic.generation.common.synthesis.simulink.SimulinkImageSynthesis.createKaoms(SimulinkImageSynthesis.java:106)
	at com.etas.graphic.generation.common.synthesis.simulink.SimulinkImageSynthesis.generateKaomsImages(SimulinkImageSynthesis.java:82)
	at com.etas.graphic.generation.common.api.GraphicGenerator.generateImagesKaom(GraphicGenerator.java:214)
	at java.base/java.util.Optional.ifPresent(Optional.java:183)
	at com.etas.graphic.generation.common.api.GraphicGenerator.generateImagesKaom(GraphicGenerator.java:207)
	at com.etas.graphic.generation.common.api.GraphicGenerator.lambda$4(GraphicGenerator.java:187)
	at java.base/java.util.stream.ForEachOps$ForEachOp$OfRef.accept(ForEachOps.java:183)
	at java.base/java.util.stream.ReferencePipeline$2$1.accept(ReferencePipeline.java:177)
	at java.base/java.util.stream.ReferencePipeline$3$1.accept(ReferencePipeline.java:195)
	at java.base/java.util.Iterator.forEachRemaining(Iterator.java:133)
	at java.base/java.util.Spliterators$IteratorSpliterator.forEachRemaining(Spliterators.java:1801)
	at java.base/java.util.stream.AbstractPipeline.copyInto(AbstractPipeline.java:484)
	at java.base/java.util.stream.AbstractPipeline.wrapAndCopyInto(AbstractPipeline.java:474)
	at java.base/java.util.stream.ForEachOps$ForEachOp.evaluateSequential(ForEachOps.java:150)
	at java.base/java.util.stream.ForEachOps$ForEachOp$OfRef.evaluateSequential(ForEachOps.java:173)
	at java.base/java.util.stream.AbstractPipeline.evaluate(AbstractPipeline.java:234)
	at java.base/java.util.stream.ReferencePipeline.forEach(ReferencePipeline.java:497)
	at com.etas.graphic.generation.common.api.GraphicGenerator.parseInputFile(GraphicGenerator.java:187)
	at com.etas.graphic.generation.common.api.GraphicGenerator.generate(GraphicGenerator.java:84)
	at com.etas.graphic.generation.Application.initiateGraphicGeneration(Application.java:231)
	at com.etas.graphic.generation.Application.start(Application.java:106)
	at org.eclipse.equinox.internal.app.EclipseAppHandle.run(EclipseAppHandle.java:203)
	at org.eclipse.core.runtime.internal.adaptor.EclipseAppLauncher.runApplication(EclipseAppLauncher.java:136)
	at org.eclipse.core.runtime.internal.adaptor.EclipseAppLauncher.start(EclipseAppLauncher.java:104)
	at org.eclipse.core.runtime.adaptor.EclipseStarter.run(EclipseStarter.java:401)
	at org.eclipse.core.runtime.adaptor.EclipseStarter.run(EclipseStarter.java:255)
	at java.base/jdk.internal.reflect.NativeMethodAccessorImpl.invoke0(Native Method)
	at java.base/jdk.internal.reflect.NativeMethodAccessorImpl.invoke(NativeMethodAccessorImpl.java:62)
	at java.base/jdk.internal.reflect.DelegatingMethodAccessorImpl.invoke(DelegatingMethodAccessorImpl.java:43)
	at java.base/java.lang.reflect.Method.invoke(Method.java:566)
	at org.eclipse.equinox.launcher.Main.invokeFramework(Main.java:659)
	at org.eclipse.equinox.launcher.Main.basicRun(Main.java:596)
	at org.eclipse.equinox.launcher.Main.run(Main.java:1467)
2022-04-04 20:12:04.325 [main] ERROR e.e.c.i.s.c.m.SimulinkBaseConverter - Failed to get source block : Cannot find reference simulink/Logic and Bit\nOperations/Interval Test for block Actuators/Actuators_mdl/Tvc/ThrottleValvePosition/Interval Test [Reference, 1:1]
com.etas.mex.common.simulink.reader.datainterpreter.DataProcessorException: Cannot find reference simulink/Logic and Bit\nOperations/Interval Test for block Actuators/Actuators_mdl/Tvc/ThrottleValvePosition/Interval Test [Reference, 1:1]
	at com.etas.mex.common.simulink.reader.internal.dataprocessor.impl.SimulinkBlockProcessor.getReferenceSimulinkBlock(SimulinkBlockProcessor.java:189)
	at com.etas.mex.common.simulink.reader.internal.dataprocessor.impl.SimulinkBlockProcessor.getReferenceModel(SimulinkBlockProcessor.java:174)
	at com.etas.ehcb.common.internal.simulink2kaom.converters.model.SimulinkBaseConverter.setSourceSimulinkBlock(SimulinkBaseConverter.java:170)
	at com.etas.ehcb.common.internal.simulink2kaom.converters.model.DefaultPortConverter.createPorts(DefaultPortConverter.java:40)
	at com.etas.ehcb.common.internal.simulink2kaom.converters.model.SimulinkBlockConverter.attachPorts(SimulinkBlockConverter.java:574)
	at com.etas.ehcb.common.internal.simulink2kaom.converters.model.DefaultConverter.createEntity(DefaultConverter.java:58)
	at com.etas.ehcb.common.internal.simulink2kaom.converters.SimulinkModelProcessor.createKaom(SimulinkModelProcessor.java:1035)
	at com.etas.ehcb.common.internal.simulink2kaom.converters.SimulinkModelProcessor.createKaom(SimulinkModelProcessor.java:664)
	at com.etas.ehcb.common.internal.simulink2kaom.converters.SimulinkModelProcessor.addSubBlock(SimulinkModelProcessor.java:477)
	at com.etas.ehcb.common.internal.simulink2kaom.converters.SimulinkModelProcessor.addSimulinkBlocks(SimulinkModelProcessor.java:340)
	at com.etas.ehcb.common.internal.simulink2kaom.converters.SimulinkModelProcessor.addSubBlock(SimulinkModelProcessor.java:536)
	at com.etas.ehcb.common.internal.simulink2kaom.converters.SimulinkModelProcessor.addSubBlock(SimulinkModelProcessor.java:478)
	at com.etas.ehcb.common.internal.simulink2kaom.converters.SimulinkModelProcessor.addSimulinkBlocks(SimulinkModelProcessor.java:340)
	at com.etas.ehcb.common.internal.simulink2kaom.converters.SimulinkModelProcessor.addSubBlock(SimulinkModelProcessor.java:536)
	at com.etas.ehcb.common.internal.simulink2kaom.converters.SimulinkModelProcessor.addSubBlock(SimulinkModelProcessor.java:478)
	at com.etas.ehcb.common.internal.simulink2kaom.converters.SimulinkModelProcessor.addSimulinkBlocks(SimulinkModelProcessor.java:340)
	at com.etas.ehcb.common.internal.simulink2kaom.converters.SimulinkModelProcessor.addSubBlock(SimulinkModelProcessor.java:536)
	at com.etas.ehcb.common.internal.simulink2kaom.converters.SimulinkModelProcessor.addSubBlock(SimulinkModelProcessor.java:478)
	at com.etas.ehcb.common.internal.simulink2kaom.converters.SimulinkModelProcessor.addSimulinkBlocks(SimulinkModelProcessor.java:340)
	at com.etas.ehcb.common.internal.simulink2kaom.converters.SimulinkModelProcessor.createKaomFromConverters(SimulinkModelProcessor.java:220)
	at com.etas.ehcb.common.internal.simulink2kaom.converters.SimulinkModelProcessor.convertSimulinkModel2KaomModel(SimulinkModelProcessor.java:169)
	at com.etas.ehcb.common.internal.simulink2kaom.converters.Simulink2KaomConverter.convert(Simulink2KaomConverter.java:67)
	at com.etas.ehcb.common.api.KaomFactory.getEntity(KaomFactory.java:46)
	at com.etas.graphic.generation.common.synthesis.simulink.SimulinkImageSynthesis.createKaoms(SimulinkImageSynthesis.java:106)
	at com.etas.graphic.generation.common.synthesis.simulink.SimulinkImageSynthesis.generateKaomsImages(SimulinkImageSynthesis.java:82)
	at com.etas.graphic.generation.common.api.GraphicGenerator.generateImagesKaom(GraphicGenerator.java:214)
	at java.base/java.util.Optional.ifPresent(Optional.java:183)
	at com.etas.graphic.generation.common.api.GraphicGenerator.generateImagesKaom(GraphicGenerator.java:207)
	at com.etas.graphic.generation.common.api.GraphicGenerator.lambda$4(GraphicGenerator.java:187)
	at java.base/java.util.stream.ForEachOps$ForEachOp$OfRef.accept(ForEachOps.java:183)
	at java.base/java.util.stream.ReferencePipeline$2$1.accept(ReferencePipeline.java:177)
	at java.base/java.util.stream.ReferencePipeline$3$1.accept(ReferencePipeline.java:195)
	at java.base/java.util.Iterator.forEachRemaining(Iterator.java:133)
	at java.base/java.util.Spliterators$IteratorSpliterator.forEachRemaining(Spliterators.java:1801)
	at java.base/java.util.stream.AbstractPipeline.copyInto(AbstractPipeline.java:484)
	at java.base/java.util.stream.AbstractPipeline.wrapAndCopyInto(AbstractPipeline.java:474)
	at java.base/java.util.stream.ForEachOps$ForEachOp.evaluateSequential(ForEachOps.java:150)
	at java.base/java.util.stream.ForEachOps$ForEachOp$OfRef.evaluateSequential(ForEachOps.java:173)
	at java.base/java.util.stream.AbstractPipeline.evaluate(AbstractPipeline.java:234)
	at java.base/java.util.stream.ReferencePipeline.forEach(ReferencePipeline.java:497)
	at com.etas.graphic.generation.common.api.GraphicGenerator.parseInputFile(GraphicGenerator.java:187)
	at com.etas.graphic.generation.common.api.GraphicGenerator.generate(GraphicGenerator.java:84)
	at com.etas.graphic.generation.Application.initiateGraphicGeneration(Application.java:231)
	at com.etas.graphic.generation.Application.start(Application.java:106)
	at org.eclipse.equinox.internal.app.EclipseAppHandle.run(EclipseAppHandle.java:203)
	at org.eclipse.core.runtime.internal.adaptor.EclipseAppLauncher.runApplication(EclipseAppLauncher.java:136)
	at org.eclipse.core.runtime.internal.adaptor.EclipseAppLauncher.start(EclipseAppLauncher.java:104)
	at org.eclipse.core.runtime.adaptor.EclipseStarter.run(EclipseStarter.java:401)
	at org.eclipse.core.runtime.adaptor.EclipseStarter.run(EclipseStarter.java:255)
	at java.base/jdk.internal.reflect.NativeMethodAccessorImpl.invoke0(Native Method)
	at java.base/jdk.internal.reflect.NativeMethodAccessorImpl.invoke(NativeMethodAccessorImpl.java:62)
	at java.base/jdk.internal.reflect.DelegatingMethodAccessorImpl.invoke(DelegatingMethodAccessorImpl.java:43)
	at java.base/java.lang.reflect.Method.invoke(Method.java:566)
	at org.eclipse.equinox.launcher.Main.invokeFramework(Main.java:659)
	at org.eclipse.equinox.launcher.Main.basicRun(Main.java:596)
	at org.eclipse.equinox.launcher.Main.run(Main.java:1467)
2022-04-04 20:12:05.038 [main] INFO  c.e.m.c.k.i.g.KlighdSvgGenerator    - SVG image generated by Klighd: C:\eHandbook\Container\FlexECUDemo\Demos\Demo_UGG\.\Output_ugg\ImageGeneratorFolder\Simulink\Actuators\DEFAULT\images\S_aab66.svg
2022-04-04 20:12:05.127 [main] ERROR c.e.e.c.i.s.c.m.ReferenceConverter  - Cannot retrieve actual type for Simulink block Actuators/Actuators_mdl/Tvc/ThrottleValveControl/PID_Limit_AWU_Fcn/Discrete PID Controller [Reference, 1:1].
com.etas.mex.common.simulink.reader.datainterpreter.DataProcessorException: Cannot find reference simulink/Continuous/PID Controller for block Actuators/Actuators_mdl/Tvc/ThrottleValveControl/PID_Limit_AWU_Fcn/Discrete PID Controller [Reference, 1:1]
	at com.etas.mex.common.simulink.reader.internal.dataprocessor.impl.SimulinkBlockProcessor.getReferenceSimulinkBlock(SimulinkBlockProcessor.java:189)
	at com.etas.mex.common.simulink.reader.internal.dataprocessor.impl.SimulinkBlockProcessor.getReferenceModel(SimulinkBlockProcessor.java:174)
	at com.etas.ehcb.common.internal.simulink2kaom.converters.model.ReferenceConverter.getActualType(ReferenceConverter.java:41)
	at com.etas.ehcb.common.internal.simulink2kaom.converters.SimulinkModelProcessor.createKaom(SimulinkModelProcessor.java:1022)
	at com.etas.ehcb.common.internal.simulink2kaom.converters.SimulinkModelProcessor.createKaom(SimulinkModelProcessor.java:664)
	at com.etas.ehcb.common.internal.simulink2kaom.converters.SimulinkModelProcessor.addSubBlock(SimulinkModelProcessor.java:477)
	at com.etas.ehcb.common.internal.simulink2kaom.converters.SimulinkModelProcessor.addSimulinkBlocks(SimulinkModelProcessor.java:340)
	at com.etas.ehcb.common.internal.simulink2kaom.converters.SimulinkModelProcessor.addSubBlock(SimulinkModelProcessor.java:536)
	at com.etas.ehcb.common.internal.simulink2kaom.converters.SimulinkModelProcessor.addSubBlock(SimulinkModelProcessor.java:478)
	at com.etas.ehcb.common.internal.simulink2kaom.converters.SimulinkModelProcessor.addSimulinkBlocks(SimulinkModelProcessor.java:340)
	at com.etas.ehcb.common.internal.simulink2kaom.converters.SimulinkModelProcessor.addSubBlock(SimulinkModelProcessor.java:536)
	at com.etas.ehcb.common.internal.simulink2kaom.converters.SimulinkModelProcessor.addSubBlock(SimulinkModelProcessor.java:478)
	at com.etas.ehcb.common.internal.simulink2kaom.converters.SimulinkModelProcessor.addSimulinkBlocks(SimulinkModelProcessor.java:340)
	at com.etas.ehcb.common.internal.simulink2kaom.converters.SimulinkModelProcessor.addSubBlock(SimulinkModelProcessor.java:536)
	at com.etas.ehcb.common.internal.simulink2kaom.converters.SimulinkModelProcessor.addSubBlock(SimulinkModelProcessor.java:478)
	at com.etas.ehcb.common.internal.simulink2kaom.converters.SimulinkModelProcessor.addSimulinkBlocks(SimulinkModelProcessor.java:340)
	at com.etas.ehcb.common.internal.simulink2kaom.converters.SimulinkModelProcessor.addSubBlock(SimulinkModelProcessor.java:536)
	at com.etas.ehcb.common.internal.simulink2kaom.converters.SimulinkModelProcessor.addSubBlock(SimulinkModelProcessor.java:478)
	at com.etas.ehcb.common.internal.simulink2kaom.converters.SimulinkModelProcessor.addSimulinkBlocks(SimulinkModelProcessor.java:340)
	at com.etas.ehcb.common.internal.simulink2kaom.converters.SimulinkModelProcessor.createKaomFromConverters(SimulinkModelProcessor.java:220)
	at com.etas.ehcb.common.internal.simulink2kaom.converters.SimulinkModelProcessor.convertSimulinkModel2KaomModel(SimulinkModelProcessor.java:169)
	at com.etas.ehcb.common.internal.simulink2kaom.converters.Simulink2KaomConverter.convert(Simulink2KaomConverter.java:67)
	at com.etas.ehcb.common.api.KaomFactory.getEntity(KaomFactory.java:46)
	at com.etas.graphic.generation.common.synthesis.simulink.SimulinkImageSynthesis.createKaoms(SimulinkImageSynthesis.java:106)
	at com.etas.graphic.generation.common.synthesis.simulink.SimulinkImageSynthesis.generateKaomsImages(SimulinkImageSynthesis.java:82)
	at com.etas.graphic.generation.common.api.GraphicGenerator.generateImagesKaom(GraphicGenerator.java:214)
	at java.base/java.util.Optional.ifPresent(Optional.java:183)
	at com.etas.graphic.generation.common.api.GraphicGenerator.generateImagesKaom(GraphicGenerator.java:207)
	at com.etas.graphic.generation.common.api.GraphicGenerator.lambda$4(GraphicGenerator.java:187)
	at java.base/java.util.stream.ForEachOps$ForEachOp$OfRef.accept(ForEachOps.java:183)
	at java.base/java.util.stream.ReferencePipeline$2$1.accept(ReferencePipeline.java:177)
	at java.base/java.util.stream.ReferencePipeline$3$1.accept(ReferencePipeline.java:195)
	at java.base/java.util.Iterator.forEachRemaining(Iterator.java:133)
	at java.base/java.util.Spliterators$IteratorSpliterator.forEachRemaining(Spliterators.java:1801)
	at java.base/java.util.stream.AbstractPipeline.copyInto(AbstractPipeline.java:484)
	at java.base/java.util.stream.AbstractPipeline.wrapAndCopyInto(AbstractPipeline.java:474)
	at java.base/java.util.stream.ForEachOps$ForEachOp.evaluateSequential(ForEachOps.java:150)
	at java.base/java.util.stream.ForEachOps$ForEachOp$OfRef.evaluateSequential(ForEachOps.java:173)
	at java.base/java.util.stream.AbstractPipeline.evaluate(AbstractPipeline.java:234)
	at java.base/java.util.stream.ReferencePipeline.forEach(ReferencePipeline.java:497)
	at com.etas.graphic.generation.common.api.GraphicGenerator.parseInputFile(GraphicGenerator.java:187)
	at com.etas.graphic.generation.common.api.GraphicGenerator.generate(GraphicGenerator.java:84)
	at com.etas.graphic.generation.Application.initiateGraphicGeneration(Application.java:231)
	at com.etas.graphic.generation.Application.start(Application.java:106)
	at org.eclipse.equinox.internal.app.EclipseAppHandle.run(EclipseAppHandle.java:203)
	at org.eclipse.core.runtime.internal.adaptor.EclipseAppLauncher.runApplication(EclipseAppLauncher.java:136)
	at org.eclipse.core.runtime.internal.adaptor.EclipseAppLauncher.start(EclipseAppLauncher.java:104)
	at org.eclipse.core.runtime.adaptor.EclipseStarter.run(EclipseStarter.java:401)
	at org.eclipse.core.runtime.adaptor.EclipseStarter.run(EclipseStarter.java:255)
	at java.base/jdk.internal.reflect.NativeMethodAccessorImpl.invoke0(Native Method)
	at java.base/jdk.internal.reflect.NativeMethodAccessorImpl.invoke(NativeMethodAccessorImpl.java:62)
	at java.base/jdk.internal.reflect.DelegatingMethodAccessorImpl.invoke(DelegatingMethodAccessorImpl.java:43)
	at java.base/java.lang.reflect.Method.invoke(Method.java:566)
	at org.eclipse.equinox.launcher.Main.invokeFramework(Main.java:659)
	at org.eclipse.equinox.launcher.Main.basicRun(Main.java:596)
	at org.eclipse.equinox.launcher.Main.run(Main.java:1467)
2022-04-04 20:12:05.130 [main] ERROR e.e.c.i.s.c.m.SimulinkBaseConverter - Failed to get source block : Cannot find reference simulink/Continuous/PID Controller for block Actuators/Actuators_mdl/Tvc/ThrottleValveControl/PID_Limit_AWU_Fcn/Discrete PID Controller [Reference, 1:1]
com.etas.mex.common.simulink.reader.datainterpreter.DataProcessorException: Cannot find reference simulink/Continuous/PID Controller for block Actuators/Actuators_mdl/Tvc/ThrottleValveControl/PID_Limit_AWU_Fcn/Discrete PID Controller [Reference, 1:1]
	at com.etas.mex.common.simulink.reader.internal.dataprocessor.impl.SimulinkBlockProcessor.getReferenceSimulinkBlock(SimulinkBlockProcessor.java:189)
	at com.etas.mex.common.simulink.reader.internal.dataprocessor.impl.SimulinkBlockProcessor.getReferenceModel(SimulinkBlockProcessor.java:174)
	at com.etas.ehcb.common.internal.simulink2kaom.converters.model.SimulinkBaseConverter.setSourceSimulinkBlock(SimulinkBaseConverter.java:170)
	at com.etas.ehcb.common.internal.simulink2kaom.converters.model.SimulinkBaseConverter.createEntity(SimulinkBaseConverter.java:135)
	at com.etas.ehcb.common.internal.simulink2kaom.converters.model.SimulinkBlockConverter.createEntity(SimulinkBlockConverter.java:104)
	at com.etas.ehcb.common.internal.simulink2kaom.converters.model.NonHierarchicalBlockConverter.createEntity(NonHierarchicalBlockConverter.java:33)
	at com.etas.ehcb.common.internal.simulink2kaom.converters.model.DefaultConverter.createEntity(DefaultConverter.java:43)
	at com.etas.ehcb.common.internal.simulink2kaom.converters.SimulinkModelProcessor.createKaom(SimulinkModelProcessor.java:1035)
	at com.etas.ehcb.common.internal.simulink2kaom.converters.SimulinkModelProcessor.createKaom(SimulinkModelProcessor.java:664)
	at com.etas.ehcb.common.internal.simulink2kaom.converters.SimulinkModelProcessor.addSubBlock(SimulinkModelProcessor.java:477)
	at com.etas.ehcb.common.internal.simulink2kaom.converters.SimulinkModelProcessor.addSimulinkBlocks(SimulinkModelProcessor.java:340)
	at com.etas.ehcb.common.internal.simulink2kaom.converters.SimulinkModelProcessor.addSubBlock(SimulinkModelProcessor.java:536)
	at com.etas.ehcb.common.internal.simulink2kaom.converters.SimulinkModelProcessor.addSubBlock(SimulinkModelProcessor.java:478)
	at com.etas.ehcb.common.internal.simulink2kaom.converters.SimulinkModelProcessor.addSimulinkBlocks(SimulinkModelProcessor.java:340)
	at com.etas.ehcb.common.internal.simulink2kaom.converters.SimulinkModelProcessor.addSubBlock(SimulinkModelProcessor.java:536)
	at com.etas.ehcb.common.internal.simulink2kaom.converters.SimulinkModelProcessor.addSubBlock(SimulinkModelProcessor.java:478)
	at com.etas.ehcb.common.internal.simulink2kaom.converters.SimulinkModelProcessor.addSimulinkBlocks(SimulinkModelProcessor.java:340)
	at com.etas.ehcb.common.internal.simulink2kaom.converters.SimulinkModelProcessor.addSubBlock(SimulinkModelProcessor.java:536)
	at com.etas.ehcb.common.internal.simulink2kaom.converters.SimulinkModelProcessor.addSubBlock(SimulinkModelProcessor.java:478)
	at com.etas.ehcb.common.internal.simulink2kaom.converters.SimulinkModelProcessor.addSimulinkBlocks(SimulinkModelProcessor.java:340)
	at com.etas.ehcb.common.internal.simulink2kaom.converters.SimulinkModelProcessor.addSubBlock(SimulinkModelProcessor.java:536)
	at com.etas.ehcb.common.internal.simulink2kaom.converters.SimulinkModelProcessor.addSubBlock(SimulinkModelProcessor.java:478)
	at com.etas.ehcb.common.internal.simulink2kaom.converters.SimulinkModelProcessor.addSimulinkBlocks(SimulinkModelProcessor.java:340)
	at com.etas.ehcb.common.internal.simulink2kaom.converters.SimulinkModelProcessor.createKaomFromConverters(SimulinkModelProcessor.java:220)
	at com.etas.ehcb.common.internal.simulink2kaom.converters.SimulinkModelProcessor.convertSimulinkModel2KaomModel(SimulinkModelProcessor.java:169)
	at com.etas.ehcb.common.internal.simulink2kaom.converters.Simulink2KaomConverter.convert(Simulink2KaomConverter.java:67)
	at com.etas.ehcb.common.api.KaomFactory.getEntity(KaomFactory.java:46)
	at com.etas.graphic.generation.common.synthesis.simulink.SimulinkImageSynthesis.createKaoms(SimulinkImageSynthesis.java:106)
	at com.etas.graphic.generation.common.synthesis.simulink.SimulinkImageSynthesis.generateKaomsImages(SimulinkImageSynthesis.java:82)
	at com.etas.graphic.generation.common.api.GraphicGenerator.generateImagesKaom(GraphicGenerator.java:214)
	at java.base/java.util.Optional.ifPresent(Optional.java:183)
	at com.etas.graphic.generation.common.api.GraphicGenerator.generateImagesKaom(GraphicGenerator.java:207)
	at com.etas.graphic.generation.common.api.GraphicGenerator.lambda$4(GraphicGenerator.java:187)
	at java.base/java.util.stream.ForEachOps$ForEachOp$OfRef.accept(ForEachOps.java:183)
	at java.base/java.util.stream.ReferencePipeline$2$1.accept(ReferencePipeline.java:177)
	at java.base/java.util.stream.ReferencePipeline$3$1.accept(ReferencePipeline.java:195)
	at java.base/java.util.Iterator.forEachRemaining(Iterator.java:133)
	at java.base/java.util.Spliterators$IteratorSpliterator.forEachRemaining(Spliterators.java:1801)
	at java.base/java.util.stream.AbstractPipeline.copyInto(AbstractPipeline.java:484)
	at java.base/java.util.stream.AbstractPipeline.wrapAndCopyInto(AbstractPipeline.java:474)
	at java.base/java.util.stream.ForEachOps$ForEachOp.evaluateSequential(ForEachOps.java:150)
	at java.base/java.util.stream.ForEachOps$ForEachOp$OfRef.evaluateSequential(ForEachOps.java:173)
	at java.base/java.util.stream.AbstractPipeline.evaluate(AbstractPipeline.java:234)
	at java.base/java.util.stream.ReferencePipeline.forEach(ReferencePipeline.java:497)
	at com.etas.graphic.generation.common.api.GraphicGenerator.parseInputFile(GraphicGenerator.java:187)
	at com.etas.graphic.generation.common.api.GraphicGenerator.generate(GraphicGenerator.java:84)
	at com.etas.graphic.generation.Application.initiateGraphicGeneration(Application.java:231)
	at com.etas.graphic.generation.Application.start(Application.java:106)
	at org.eclipse.equinox.internal.app.EclipseAppHandle.run(EclipseAppHandle.java:203)
	at org.eclipse.core.runtime.internal.adaptor.EclipseAppLauncher.runApplication(EclipseAppLauncher.java:136)
	at org.eclipse.core.runtime.internal.adaptor.EclipseAppLauncher.start(EclipseAppLauncher.java:104)
	at org.eclipse.core.runtime.adaptor.EclipseStarter.run(EclipseStarter.java:401)
	at org.eclipse.core.runtime.adaptor.EclipseStarter.run(EclipseStarter.java:255)
	at java.base/jdk.internal.reflect.NativeMethodAccessorImpl.invoke0(Native Method)
	at java.base/jdk.internal.reflect.NativeMethodAccessorImpl.invoke(NativeMethodAccessorImpl.java:62)
	at java.base/jdk.internal.reflect.DelegatingMethodAccessorImpl.invoke(DelegatingMethodAccessorImpl.java:43)
	at java.base/java.lang.reflect.Method.invoke(Method.java:566)
	at org.eclipse.equinox.launcher.Main.invokeFramework(Main.java:659)
	at org.eclipse.equinox.launcher.Main.basicRun(Main.java:596)
	at org.eclipse.equinox.launcher.Main.run(Main.java:1467)
2022-04-04 20:12:05.143 [main] ERROR e.e.c.i.s.c.m.SimulinkBaseConverter - Failed to get source block : Cannot find reference simulink/Continuous/PID Controller for block Actuators/Actuators_mdl/Tvc/ThrottleValveControl/PID_Limit_AWU_Fcn/Discrete PID Controller [Reference, 1:1]
com.etas.mex.common.simulink.reader.datainterpreter.DataProcessorException: Cannot find reference simulink/Continuous/PID Controller for block Actuators/Actuators_mdl/Tvc/ThrottleValveControl/PID_Limit_AWU_Fcn/Discrete PID Controller [Reference, 1:1]
	at com.etas.mex.common.simulink.reader.internal.dataprocessor.impl.SimulinkBlockProcessor.getReferenceSimulinkBlock(SimulinkBlockProcessor.java:189)
	at com.etas.mex.common.simulink.reader.internal.dataprocessor.impl.SimulinkBlockProcessor.getReferenceModel(SimulinkBlockProcessor.java:174)
	at com.etas.ehcb.common.internal.simulink2kaom.converters.model.SimulinkBaseConverter.setSourceSimulinkBlock(SimulinkBaseConverter.java:170)
	at com.etas.ehcb.common.internal.simulink2kaom.converters.model.DefaultPortConverter.createPorts(DefaultPortConverter.java:40)
	at com.etas.ehcb.common.internal.simulink2kaom.converters.model.SimulinkBlockConverter.attachPorts(SimulinkBlockConverter.java:574)
	at com.etas.ehcb.common.internal.simulink2kaom.converters.model.DefaultConverter.createEntity(DefaultConverter.java:58)
	at com.etas.ehcb.common.internal.simulink2kaom.converters.SimulinkModelProcessor.createKaom(SimulinkModelProcessor.java:1035)
	at com.etas.ehcb.common.internal.simulink2kaom.converters.SimulinkModelProcessor.createKaom(SimulinkModelProcessor.java:664)
	at com.etas.ehcb.common.internal.simulink2kaom.converters.SimulinkModelProcessor.addSubBlock(SimulinkModelProcessor.java:477)
	at com.etas.ehcb.common.internal.simulink2kaom.converters.SimulinkModelProcessor.addSimulinkBlocks(SimulinkModelProcessor.java:340)
	at com.etas.ehcb.common.internal.simulink2kaom.converters.SimulinkModelProcessor.addSubBlock(SimulinkModelProcessor.java:536)
	at com.etas.ehcb.common.internal.simulink2kaom.converters.SimulinkModelProcessor.addSubBlock(SimulinkModelProcessor.java:478)
	at com.etas.ehcb.common.internal.simulink2kaom.converters.SimulinkModelProcessor.addSimulinkBlocks(SimulinkModelProcessor.java:340)
	at com.etas.ehcb.common.internal.simulink2kaom.converters.SimulinkModelProcessor.addSubBlock(SimulinkModelProcessor.java:536)
	at com.etas.ehcb.common.internal.simulink2kaom.converters.SimulinkModelProcessor.addSubBlock(SimulinkModelProcessor.java:478)
	at com.etas.ehcb.common.internal.simulink2kaom.converters.SimulinkModelProcessor.addSimulinkBlocks(SimulinkModelProcessor.java:340)
	at com.etas.ehcb.common.internal.simulink2kaom.converters.SimulinkModelProcessor.addSubBlock(SimulinkModelProcessor.java:536)
	at com.etas.ehcb.common.internal.simulink2kaom.converters.SimulinkModelProcessor.addSubBlock(SimulinkModelProcessor.java:478)
	at com.etas.ehcb.common.internal.simulink2kaom.converters.SimulinkModelProcessor.addSimulinkBlocks(SimulinkModelProcessor.java:340)
	at com.etas.ehcb.common.internal.simulink2kaom.converters.SimulinkModelProcessor.addSubBlock(SimulinkModelProcessor.java:536)
	at com.etas.ehcb.common.internal.simulink2kaom.converters.SimulinkModelProcessor.addSubBlock(SimulinkModelProcessor.java:478)
	at com.etas.ehcb.common.internal.simulink2kaom.converters.SimulinkModelProcessor.addSimulinkBlocks(SimulinkModelProcessor.java:340)
	at com.etas.ehcb.common.internal.simulink2kaom.converters.SimulinkModelProcessor.createKaomFromConverters(SimulinkModelProcessor.java:220)
	at com.etas.ehcb.common.internal.simulink2kaom.converters.SimulinkModelProcessor.convertSimulinkModel2KaomModel(SimulinkModelProcessor.java:169)
	at com.etas.ehcb.common.internal.simulink2kaom.converters.Simulink2KaomConverter.convert(Simulink2KaomConverter.java:67)
	at com.etas.ehcb.common.api.KaomFactory.getEntity(KaomFactory.java:46)
	at com.etas.graphic.generation.common.synthesis.simulink.SimulinkImageSynthesis.createKaoms(SimulinkImageSynthesis.java:106)
	at com.etas.graphic.generation.common.synthesis.simulink.SimulinkImageSynthesis.generateKaomsImages(SimulinkImageSynthesis.java:82)
	at com.etas.graphic.generation.common.api.GraphicGenerator.generateImagesKaom(GraphicGenerator.java:214)
	at java.base/java.util.Optional.ifPresent(Optional.java:183)
	at com.etas.graphic.generation.common.api.GraphicGenerator.generateImagesKaom(GraphicGenerator.java:207)
	at com.etas.graphic.generation.common.api.GraphicGenerator.lambda$4(GraphicGenerator.java:187)
	at java.base/java.util.stream.ForEachOps$ForEachOp$OfRef.accept(ForEachOps.java:183)
	at java.base/java.util.stream.ReferencePipeline$2$1.accept(ReferencePipeline.java:177)
	at java.base/java.util.stream.ReferencePipeline$3$1.accept(ReferencePipeline.java:195)
	at java.base/java.util.Iterator.forEachRemaining(Iterator.java:133)
	at java.base/java.util.Spliterators$IteratorSpliterator.forEachRemaining(Spliterators.java:1801)
	at java.base/java.util.stream.AbstractPipeline.copyInto(AbstractPipeline.java:484)
	at java.base/java.util.stream.AbstractPipeline.wrapAndCopyInto(AbstractPipeline.java:474)
	at java.base/java.util.stream.ForEachOps$ForEachOp.evaluateSequential(ForEachOps.java:150)
	at java.base/java.util.stream.ForEachOps$ForEachOp$OfRef.evaluateSequential(ForEachOps.java:173)
	at java.base/java.util.stream.AbstractPipeline.evaluate(AbstractPipeline.java:234)
	at java.base/java.util.stream.ReferencePipeline.forEach(ReferencePipeline.java:497)
	at com.etas.graphic.generation.common.api.GraphicGenerator.parseInputFile(GraphicGenerator.java:187)
	at com.etas.graphic.generation.common.api.GraphicGenerator.generate(GraphicGenerator.java:84)
	at com.etas.graphic.generation.Application.initiateGraphicGeneration(Application.java:231)
	at com.etas.graphic.generation.Application.start(Application.java:106)
	at org.eclipse.equinox.internal.app.EclipseAppHandle.run(EclipseAppHandle.java:203)
	at org.eclipse.core.runtime.internal.adaptor.EclipseAppLauncher.runApplication(EclipseAppLauncher.java:136)
	at org.eclipse.core.runtime.internal.adaptor.EclipseAppLauncher.start(EclipseAppLauncher.java:104)
	at org.eclipse.core.runtime.adaptor.EclipseStarter.run(EclipseStarter.java:401)
	at org.eclipse.core.runtime.adaptor.EclipseStarter.run(EclipseStarter.java:255)
	at java.base/jdk.internal.reflect.NativeMethodAccessorImpl.invoke0(Native Method)
	at java.base/jdk.internal.reflect.NativeMethodAccessorImpl.invoke(NativeMethodAccessorImpl.java:62)
	at java.base/jdk.internal.reflect.DelegatingMethodAccessorImpl.invoke(DelegatingMethodAccessorImpl.java:43)
	at java.base/java.lang.reflect.Method.invoke(Method.java:566)
	at org.eclipse.equinox.launcher.Main.invokeFramework(Main.java:659)
	at org.eclipse.equinox.launcher.Main.basicRun(Main.java:596)
	at org.eclipse.equinox.launcher.Main.run(Main.java:1467)
2022-04-04 20:12:05.274 [main] INFO  c.e.m.c.k.i.g.KlighdSvgGenerator    - SVG image generated by Klighd: C:\eHandbook\Container\FlexECUDemo\Demos\Demo_UGG\.\Output_ugg\ImageGeneratorFolder\Simulink\Actuators\DEFAULT\images\S_aab210.svg
2022-04-04 20:12:05.352 [main] ERROR c.e.e.c.i.s.c.m.ReferenceConverter  - Cannot retrieve actual type for Simulink block Actuators/Actuators_mdl/Tvc/ThrottleValveControl/PID_Limit_AWU/Interval Test [Reference, 1:1].
com.etas.mex.common.simulink.reader.datainterpreter.DataProcessorException: Cannot find reference simulink/Logic and Bit\nOperations/Interval Test for block Actuators/Actuators_mdl/Tvc/ThrottleValveControl/PID_Limit_AWU/Interval Test [Reference, 1:1]
	at com.etas.mex.common.simulink.reader.internal.dataprocessor.impl.SimulinkBlockProcessor.getReferenceSimulinkBlock(SimulinkBlockProcessor.java:189)
	at com.etas.mex.common.simulink.reader.internal.dataprocessor.impl.SimulinkBlockProcessor.getReferenceModel(SimulinkBlockProcessor.java:174)
	at com.etas.ehcb.common.internal.simulink2kaom.converters.model.ReferenceConverter.getActualType(ReferenceConverter.java:41)
	at com.etas.ehcb.common.internal.simulink2kaom.converters.SimulinkModelProcessor.createKaom(SimulinkModelProcessor.java:1022)
	at com.etas.ehcb.common.internal.simulink2kaom.converters.SimulinkModelProcessor.createKaom(SimulinkModelProcessor.java:664)
	at com.etas.ehcb.common.internal.simulink2kaom.converters.SimulinkModelProcessor.addSubBlock(SimulinkModelProcessor.java:477)
	at com.etas.ehcb.common.internal.simulink2kaom.converters.SimulinkModelProcessor.addSimulinkBlocks(SimulinkModelProcessor.java:340)
	at com.etas.ehcb.common.internal.simulink2kaom.converters.SimulinkModelProcessor.addSubBlock(SimulinkModelProcessor.java:536)
	at com.etas.ehcb.common.internal.simulink2kaom.converters.SimulinkModelProcessor.addSubBlock(SimulinkModelProcessor.java:478)
	at com.etas.ehcb.common.internal.simulink2kaom.converters.SimulinkModelProcessor.addSimulinkBlocks(SimulinkModelProcessor.java:340)
	at com.etas.ehcb.common.internal.simulink2kaom.converters.SimulinkModelProcessor.addSubBlock(SimulinkModelProcessor.java:536)
	at com.etas.ehcb.common.internal.simulink2kaom.converters.SimulinkModelProcessor.addSubBlock(SimulinkModelProcessor.java:478)
	at com.etas.ehcb.common.internal.simulink2kaom.converters.SimulinkModelProcessor.addSimulinkBlocks(SimulinkModelProcessor.java:340)
	at com.etas.ehcb.common.internal.simulink2kaom.converters.SimulinkModelProcessor.addSubBlock(SimulinkModelProcessor.java:536)
	at com.etas.ehcb.common.internal.simulink2kaom.converters.SimulinkModelProcessor.addSubBlock(SimulinkModelProcessor.java:478)
	at com.etas.ehcb.common.internal.simulink2kaom.converters.SimulinkModelProcessor.addSimulinkBlocks(SimulinkModelProcessor.java:340)
	at com.etas.ehcb.common.internal.simulink2kaom.converters.SimulinkModelProcessor.addSubBlock(SimulinkModelProcessor.java:536)
	at com.etas.ehcb.common.internal.simulink2kaom.converters.SimulinkModelProcessor.addSubBlock(SimulinkModelProcessor.java:478)
	at com.etas.ehcb.common.internal.simulink2kaom.converters.SimulinkModelProcessor.addSimulinkBlocks(SimulinkModelProcessor.java:340)
	at com.etas.ehcb.common.internal.simulink2kaom.converters.SimulinkModelProcessor.createKaomFromConverters(SimulinkModelProcessor.java:220)
	at com.etas.ehcb.common.internal.simulink2kaom.converters.SimulinkModelProcessor.convertSimulinkModel2KaomModel(SimulinkModelProcessor.java:169)
	at com.etas.ehcb.common.internal.simulink2kaom.converters.Simulink2KaomConverter.convert(Simulink2KaomConverter.java:67)
	at com.etas.ehcb.common.api.KaomFactory.getEntity(KaomFactory.java:46)
	at com.etas.graphic.generation.common.synthesis.simulink.SimulinkImageSynthesis.createKaoms(SimulinkImageSynthesis.java:106)
	at com.etas.graphic.generation.common.synthesis.simulink.SimulinkImageSynthesis.generateKaomsImages(SimulinkImageSynthesis.java:82)
	at com.etas.graphic.generation.common.api.GraphicGenerator.generateImagesKaom(GraphicGenerator.java:214)
	at java.base/java.util.Optional.ifPresent(Optional.java:183)
	at com.etas.graphic.generation.common.api.GraphicGenerator.generateImagesKaom(GraphicGenerator.java:207)
	at com.etas.graphic.generation.common.api.GraphicGenerator.lambda$4(GraphicGenerator.java:187)
	at java.base/java.util.stream.ForEachOps$ForEachOp$OfRef.accept(ForEachOps.java:183)
	at java.base/java.util.stream.ReferencePipeline$2$1.accept(ReferencePipeline.java:177)
	at java.base/java.util.stream.ReferencePipeline$3$1.accept(ReferencePipeline.java:195)
	at java.base/java.util.Iterator.forEachRemaining(Iterator.java:133)
	at java.base/java.util.Spliterators$IteratorSpliterator.forEachRemaining(Spliterators.java:1801)
	at java.base/java.util.stream.AbstractPipeline.copyInto(AbstractPipeline.java:484)
	at java.base/java.util.stream.AbstractPipeline.wrapAndCopyInto(AbstractPipeline.java:474)
	at java.base/java.util.stream.ForEachOps$ForEachOp.evaluateSequential(ForEachOps.java:150)
	at java.base/java.util.stream.ForEachOps$ForEachOp$OfRef.evaluateSequential(ForEachOps.java:173)
	at java.base/java.util.stream.AbstractPipeline.evaluate(AbstractPipeline.java:234)
	at java.base/java.util.stream.ReferencePipeline.forEach(ReferencePipeline.java:497)
	at com.etas.graphic.generation.common.api.GraphicGenerator.parseInputFile(GraphicGenerator.java:187)
	at com.etas.graphic.generation.common.api.GraphicGenerator.generate(GraphicGenerator.java:84)
	at com.etas.graphic.generation.Application.initiateGraphicGeneration(Application.java:231)
	at com.etas.graphic.generation.Application.start(Application.java:106)
	at org.eclipse.equinox.internal.app.EclipseAppHandle.run(EclipseAppHandle.java:203)
	at org.eclipse.core.runtime.internal.adaptor.EclipseAppLauncher.runApplication(EclipseAppLauncher.java:136)
	at org.eclipse.core.runtime.internal.adaptor.EclipseAppLauncher.start(EclipseAppLauncher.java:104)
	at org.eclipse.core.runtime.adaptor.EclipseStarter.run(EclipseStarter.java:401)
	at org.eclipse.core.runtime.adaptor.EclipseStarter.run(EclipseStarter.java:255)
	at java.base/jdk.internal.reflect.NativeMethodAccessorImpl.invoke0(Native Method)
	at java.base/jdk.internal.reflect.NativeMethodAccessorImpl.invoke(NativeMethodAccessorImpl.java:62)
	at java.base/jdk.internal.reflect.DelegatingMethodAccessorImpl.invoke(DelegatingMethodAccessorImpl.java:43)
	at java.base/java.lang.reflect.Method.invoke(Method.java:566)
	at org.eclipse.equinox.launcher.Main.invokeFramework(Main.java:659)
	at org.eclipse.equinox.launcher.Main.basicRun(Main.java:596)
	at org.eclipse.equinox.launcher.Main.run(Main.java:1467)
2022-04-04 20:12:05.354 [main] ERROR e.e.c.i.s.c.m.SimulinkBaseConverter - Failed to get source block : Cannot find reference simulink/Logic and Bit\nOperations/Interval Test for block Actuators/Actuators_mdl/Tvc/ThrottleValveControl/PID_Limit_AWU/Interval Test [Reference, 1:1]
com.etas.mex.common.simulink.reader.datainterpreter.DataProcessorException: Cannot find reference simulink/Logic and Bit\nOperations/Interval Test for block Actuators/Actuators_mdl/Tvc/ThrottleValveControl/PID_Limit_AWU/Interval Test [Reference, 1:1]
	at com.etas.mex.common.simulink.reader.internal.dataprocessor.impl.SimulinkBlockProcessor.getReferenceSimulinkBlock(SimulinkBlockProcessor.java:189)
	at com.etas.mex.common.simulink.reader.internal.dataprocessor.impl.SimulinkBlockProcessor.getReferenceModel(SimulinkBlockProcessor.java:174)
	at com.etas.ehcb.common.internal.simulink2kaom.converters.model.SimulinkBaseConverter.setSourceSimulinkBlock(SimulinkBaseConverter.java:170)
	at com.etas.ehcb.common.internal.simulink2kaom.converters.model.SimulinkBaseConverter.createEntity(SimulinkBaseConverter.java:135)
	at com.etas.ehcb.common.internal.simulink2kaom.converters.model.SimulinkBlockConverter.createEntity(SimulinkBlockConverter.java:104)
	at com.etas.ehcb.common.internal.simulink2kaom.converters.model.NonHierarchicalBlockConverter.createEntity(NonHierarchicalBlockConverter.java:33)
	at com.etas.ehcb.common.internal.simulink2kaom.converters.model.DefaultConverter.createEntity(DefaultConverter.java:43)
	at com.etas.ehcb.common.internal.simulink2kaom.converters.SimulinkModelProcessor.createKaom(SimulinkModelProcessor.java:1035)
	at com.etas.ehcb.common.internal.simulink2kaom.converters.SimulinkModelProcessor.createKaom(SimulinkModelProcessor.java:664)
	at com.etas.ehcb.common.internal.simulink2kaom.converters.SimulinkModelProcessor.addSubBlock(SimulinkModelProcessor.java:477)
	at com.etas.ehcb.common.internal.simulink2kaom.converters.SimulinkModelProcessor.addSimulinkBlocks(SimulinkModelProcessor.java:340)
	at com.etas.ehcb.common.internal.simulink2kaom.converters.SimulinkModelProcessor.addSubBlock(SimulinkModelProcessor.java:536)
	at com.etas.ehcb.common.internal.simulink2kaom.converters.SimulinkModelProcessor.addSubBlock(SimulinkModelProcessor.java:478)
	at com.etas.ehcb.common.internal.simulink2kaom.converters.SimulinkModelProcessor.addSimulinkBlocks(SimulinkModelProcessor.java:340)
	at com.etas.ehcb.common.internal.simulink2kaom.converters.SimulinkModelProcessor.addSubBlock(SimulinkModelProcessor.java:536)
	at com.etas.ehcb.common.internal.simulink2kaom.converters.SimulinkModelProcessor.addSubBlock(SimulinkModelProcessor.java:478)
	at com.etas.ehcb.common.internal.simulink2kaom.converters.SimulinkModelProcessor.addSimulinkBlocks(SimulinkModelProcessor.java:340)
	at com.etas.ehcb.common.internal.simulink2kaom.converters.SimulinkModelProcessor.addSubBlock(SimulinkModelProcessor.java:536)
	at com.etas.ehcb.common.internal.simulink2kaom.converters.SimulinkModelProcessor.addSubBlock(SimulinkModelProcessor.java:478)
	at com.etas.ehcb.common.internal.simulink2kaom.converters.SimulinkModelProcessor.addSimulinkBlocks(SimulinkModelProcessor.java:340)
	at com.etas.ehcb.common.internal.simulink2kaom.converters.SimulinkModelProcessor.addSubBlock(SimulinkModelProcessor.java:536)
	at com.etas.ehcb.common.internal.simulink2kaom.converters.SimulinkModelProcessor.addSubBlock(SimulinkModelProcessor.java:478)
	at com.etas.ehcb.common.internal.simulink2kaom.converters.SimulinkModelProcessor.addSimulinkBlocks(SimulinkModelProcessor.java:340)
	at com.etas.ehcb.common.internal.simulink2kaom.converters.SimulinkModelProcessor.createKaomFromConverters(SimulinkModelProcessor.java:220)
	at com.etas.ehcb.common.internal.simulink2kaom.converters.SimulinkModelProcessor.convertSimulinkModel2KaomModel(SimulinkModelProcessor.java:169)
	at com.etas.ehcb.common.internal.simulink2kaom.converters.Simulink2KaomConverter.convert(Simulink2KaomConverter.java:67)
	at com.etas.ehcb.common.api.KaomFactory.getEntity(KaomFactory.java:46)
	at com.etas.graphic.generation.common.synthesis.simulink.SimulinkImageSynthesis.createKaoms(SimulinkImageSynthesis.java:106)
	at com.etas.graphic.generation.common.synthesis.simulink.SimulinkImageSynthesis.generateKaomsImages(SimulinkImageSynthesis.java:82)
	at com.etas.graphic.generation.common.api.GraphicGenerator.generateImagesKaom(GraphicGenerator.java:214)
	at java.base/java.util.Optional.ifPresent(Optional.java:183)
	at com.etas.graphic.generation.common.api.GraphicGenerator.generateImagesKaom(GraphicGenerator.java:207)
	at com.etas.graphic.generation.common.api.GraphicGenerator.lambda$4(GraphicGenerator.java:187)
	at java.base/java.util.stream.ForEachOps$ForEachOp$OfRef.accept(ForEachOps.java:183)
	at java.base/java.util.stream.ReferencePipeline$2$1.accept(ReferencePipeline.java:177)
	at java.base/java.util.stream.ReferencePipeline$3$1.accept(ReferencePipeline.java:195)
	at java.base/java.util.Iterator.forEachRemaining(Iterator.java:133)
	at java.base/java.util.Spliterators$IteratorSpliterator.forEachRemaining(Spliterators.java:1801)
	at java.base/java.util.stream.AbstractPipeline.copyInto(AbstractPipeline.java:484)
	at java.base/java.util.stream.AbstractPipeline.wrapAndCopyInto(AbstractPipeline.java:474)
	at java.base/java.util.stream.ForEachOps$ForEachOp.evaluateSequential(ForEachOps.java:150)
	at java.base/java.util.stream.ForEachOps$ForEachOp$OfRef.evaluateSequential(ForEachOps.java:173)
	at java.base/java.util.stream.AbstractPipeline.evaluate(AbstractPipeline.java:234)
	at java.base/java.util.stream.ReferencePipeline.forEach(ReferencePipeline.java:497)
	at com.etas.graphic.generation.common.api.GraphicGenerator.parseInputFile(GraphicGenerator.java:187)
	at com.etas.graphic.generation.common.api.GraphicGenerator.generate(GraphicGenerator.java:84)
	at com.etas.graphic.generation.Application.initiateGraphicGeneration(Application.java:231)
	at com.etas.graphic.generation.Application.start(Application.java:106)
	at org.eclipse.equinox.internal.app.EclipseAppHandle.run(EclipseAppHandle.java:203)
	at org.eclipse.core.runtime.internal.adaptor.EclipseAppLauncher.runApplication(EclipseAppLauncher.java:136)
	at org.eclipse.core.runtime.internal.adaptor.EclipseAppLauncher.start(EclipseAppLauncher.java:104)
	at org.eclipse.core.runtime.adaptor.EclipseStarter.run(EclipseStarter.java:401)
	at org.eclipse.core.runtime.adaptor.EclipseStarter.run(EclipseStarter.java:255)
	at java.base/jdk.internal.reflect.NativeMethodAccessorImpl.invoke0(Native Method)
	at java.base/jdk.internal.reflect.NativeMethodAccessorImpl.invoke(NativeMethodAccessorImpl.java:62)
	at java.base/jdk.internal.reflect.DelegatingMethodAccessorImpl.invoke(DelegatingMethodAccessorImpl.java:43)
	at java.base/java.lang.reflect.Method.invoke(Method.java:566)
	at org.eclipse.equinox.launcher.Main.invokeFramework(Main.java:659)
	at org.eclipse.equinox.launcher.Main.basicRun(Main.java:596)
	at org.eclipse.equinox.launcher.Main.run(Main.java:1467)
2022-04-04 20:12:05.366 [main] ERROR e.e.c.i.s.c.m.SimulinkBaseConverter - Failed to get source block : Cannot find reference simulink/Logic and Bit\nOperations/Interval Test for block Actuators/Actuators_mdl/Tvc/ThrottleValveControl/PID_Limit_AWU/Interval Test [Reference, 1:1]
com.etas.mex.common.simulink.reader.datainterpreter.DataProcessorException: Cannot find reference simulink/Logic and Bit\nOperations/Interval Test for block Actuators/Actuators_mdl/Tvc/ThrottleValveControl/PID_Limit_AWU/Interval Test [Reference, 1:1]
	at com.etas.mex.common.simulink.reader.internal.dataprocessor.impl.SimulinkBlockProcessor.getReferenceSimulinkBlock(SimulinkBlockProcessor.java:189)
	at com.etas.mex.common.simulink.reader.internal.dataprocessor.impl.SimulinkBlockProcessor.getReferenceModel(SimulinkBlockProcessor.java:174)
	at com.etas.ehcb.common.internal.simulink2kaom.converters.model.SimulinkBaseConverter.setSourceSimulinkBlock(SimulinkBaseConverter.java:170)
	at com.etas.ehcb.common.internal.simulink2kaom.converters.model.DefaultPortConverter.createPorts(DefaultPortConverter.java:40)
	at com.etas.ehcb.common.internal.simulink2kaom.converters.model.SimulinkBlockConverter.attachPorts(SimulinkBlockConverter.java:574)
	at com.etas.ehcb.common.internal.simulink2kaom.converters.model.DefaultConverter.createEntity(DefaultConverter.java:58)
	at com.etas.ehcb.common.internal.simulink2kaom.converters.SimulinkModelProcessor.createKaom(SimulinkModelProcessor.java:1035)
	at com.etas.ehcb.common.internal.simulink2kaom.converters.SimulinkModelProcessor.createKaom(SimulinkModelProcessor.java:664)
	at com.etas.ehcb.common.internal.simulink2kaom.converters.SimulinkModelProcessor.addSubBlock(SimulinkModelProcessor.java:477)
	at com.etas.ehcb.common.internal.simulink2kaom.converters.SimulinkModelProcessor.addSimulinkBlocks(SimulinkModelProcessor.java:340)
	at com.etas.ehcb.common.internal.simulink2kaom.converters.SimulinkModelProcessor.addSubBlock(SimulinkModelProcessor.java:536)
	at com.etas.ehcb.common.internal.simulink2kaom.converters.SimulinkModelProcessor.addSubBlock(SimulinkModelProcessor.java:478)
	at com.etas.ehcb.common.internal.simulink2kaom.converters.SimulinkModelProcessor.addSimulinkBlocks(SimulinkModelProcessor.java:340)
	at com.etas.ehcb.common.internal.simulink2kaom.converters.SimulinkModelProcessor.addSubBlock(SimulinkModelProcessor.java:536)
	at com.etas.ehcb.common.internal.simulink2kaom.converters.SimulinkModelProcessor.addSubBlock(SimulinkModelProcessor.java:478)
	at com.etas.ehcb.common.internal.simulink2kaom.converters.SimulinkModelProcessor.addSimulinkBlocks(SimulinkModelProcessor.java:340)
	at com.etas.ehcb.common.internal.simulink2kaom.converters.SimulinkModelProcessor.addSubBlock(SimulinkModelProcessor.java:536)
	at com.etas.ehcb.common.internal.simulink2kaom.converters.SimulinkModelProcessor.addSubBlock(SimulinkModelProcessor.java:478)
	at com.etas.ehcb.common.internal.simulink2kaom.converters.SimulinkModelProcessor.addSimulinkBlocks(SimulinkModelProcessor.java:340)
	at com.etas.ehcb.common.internal.simulink2kaom.converters.SimulinkModelProcessor.addSubBlock(SimulinkModelProcessor.java:536)
	at com.etas.ehcb.common.internal.simulink2kaom.converters.SimulinkModelProcessor.addSubBlock(SimulinkModelProcessor.java:478)
	at com.etas.ehcb.common.internal.simulink2kaom.converters.SimulinkModelProcessor.addSimulinkBlocks(SimulinkModelProcessor.java:340)
	at com.etas.ehcb.common.internal.simulink2kaom.converters.SimulinkModelProcessor.createKaomFromConverters(SimulinkModelProcessor.java:220)
	at com.etas.ehcb.common.internal.simulink2kaom.converters.SimulinkModelProcessor.convertSimulinkModel2KaomModel(SimulinkModelProcessor.java:169)
	at com.etas.ehcb.common.internal.simulink2kaom.converters.Simulink2KaomConverter.convert(Simulink2KaomConverter.java:67)
	at com.etas.ehcb.common.api.KaomFactory.getEntity(KaomFactory.java:46)
	at com.etas.graphic.generation.common.synthesis.simulink.SimulinkImageSynthesis.createKaoms(SimulinkImageSynthesis.java:106)
	at com.etas.graphic.generation.common.synthesis.simulink.SimulinkImageSynthesis.generateKaomsImages(SimulinkImageSynthesis.java:82)
	at com.etas.graphic.generation.common.api.GraphicGenerator.generateImagesKaom(GraphicGenerator.java:214)
	at java.base/java.util.Optional.ifPresent(Optional.java:183)
	at com.etas.graphic.generation.common.api.GraphicGenerator.generateImagesKaom(GraphicGenerator.java:207)
	at com.etas.graphic.generation.common.api.GraphicGenerator.lambda$4(GraphicGenerator.java:187)
	at java.base/java.util.stream.ForEachOps$ForEachOp$OfRef.accept(ForEachOps.java:183)
	at java.base/java.util.stream.ReferencePipeline$2$1.accept(ReferencePipeline.java:177)
	at java.base/java.util.stream.ReferencePipeline$3$1.accept(ReferencePipeline.java:195)
	at java.base/java.util.Iterator.forEachRemaining(Iterator.java:133)
	at java.base/java.util.Spliterators$IteratorSpliterator.forEachRemaining(Spliterators.java:1801)
	at java.base/java.util.stream.AbstractPipeline.copyInto(AbstractPipeline.java:484)
	at java.base/java.util.stream.AbstractPipeline.wrapAndCopyInto(AbstractPipeline.java:474)
	at java.base/java.util.stream.ForEachOps$ForEachOp.evaluateSequential(ForEachOps.java:150)
	at java.base/java.util.stream.ForEachOps$ForEachOp$OfRef.evaluateSequential(ForEachOps.java:173)
	at java.base/java.util.stream.AbstractPipeline.evaluate(AbstractPipeline.java:234)
	at java.base/java.util.stream.ReferencePipeline.forEach(ReferencePipeline.java:497)
	at com.etas.graphic.generation.common.api.GraphicGenerator.parseInputFile(GraphicGenerator.java:187)
	at com.etas.graphic.generation.common.api.GraphicGenerator.generate(GraphicGenerator.java:84)
	at com.etas.graphic.generation.Application.initiateGraphicGeneration(Application.java:231)
	at com.etas.graphic.generation.Application.start(Application.java:106)
	at org.eclipse.equinox.internal.app.EclipseAppHandle.run(EclipseAppHandle.java:203)
	at org.eclipse.core.runtime.internal.adaptor.EclipseAppLauncher.runApplication(EclipseAppLauncher.java:136)
	at org.eclipse.core.runtime.internal.adaptor.EclipseAppLauncher.start(EclipseAppLauncher.java:104)
	at org.eclipse.core.runtime.adaptor.EclipseStarter.run(EclipseStarter.java:401)
	at org.eclipse.core.runtime.adaptor.EclipseStarter.run(EclipseStarter.java:255)
	at java.base/jdk.internal.reflect.NativeMethodAccessorImpl.invoke0(Native Method)
	at java.base/jdk.internal.reflect.NativeMethodAccessorImpl.invoke(NativeMethodAccessorImpl.java:62)
	at java.base/jdk.internal.reflect.DelegatingMethodAccessorImpl.invoke(DelegatingMethodAccessorImpl.java:43)
	at java.base/java.lang.reflect.Method.invoke(Method.java:566)
	at org.eclipse.equinox.launcher.Main.invokeFramework(Main.java:659)
	at org.eclipse.equinox.launcher.Main.basicRun(Main.java:596)
	at org.eclipse.equinox.launcher.Main.run(Main.java:1467)
2022-04-04 20:12:05.443 [main] ERROR c.e.e.c.i.s.c.m.ReferenceConverter  - Cannot retrieve actual type for Simulink block Actuators/Actuators_mdl/Tvc/ThrottleValveControl/PID_Limit_AWU/Limiter/Saturation Dynamic [Reference, 3:1].
com.etas.mex.common.simulink.reader.datainterpreter.DataProcessorException: Cannot find reference simulink/Discontinuities/Saturation\nDynamic for block Actuators/Actuators_mdl/Tvc/ThrottleValveControl/PID_Limit_AWU/Limiter/Saturation Dynamic [Reference, 3:1]
	at com.etas.mex.common.simulink.reader.internal.dataprocessor.impl.SimulinkBlockProcessor.getReferenceSimulinkBlock(SimulinkBlockProcessor.java:189)
	at com.etas.mex.common.simulink.reader.internal.dataprocessor.impl.SimulinkBlockProcessor.getReferenceModel(SimulinkBlockProcessor.java:174)
	at com.etas.ehcb.common.internal.simulink2kaom.converters.model.ReferenceConverter.getActualType(ReferenceConverter.java:41)
	at com.etas.ehcb.common.internal.simulink2kaom.converters.SimulinkModelProcessor.createKaom(SimulinkModelProcessor.java:1022)
	at com.etas.ehcb.common.internal.simulink2kaom.converters.SimulinkModelProcessor.createKaom(SimulinkModelProcessor.java:664)
	at com.etas.ehcb.common.internal.simulink2kaom.converters.SimulinkModelProcessor.addSubBlock(SimulinkModelProcessor.java:477)
	at com.etas.ehcb.common.internal.simulink2kaom.converters.SimulinkModelProcessor.addSimulinkBlocks(SimulinkModelProcessor.java:340)
	at com.etas.ehcb.common.internal.simulink2kaom.converters.SimulinkModelProcessor.addSubBlock(SimulinkModelProcessor.java:536)
	at com.etas.ehcb.common.internal.simulink2kaom.converters.SimulinkModelProcessor.addSubBlock(SimulinkModelProcessor.java:478)
	at com.etas.ehcb.common.internal.simulink2kaom.converters.SimulinkModelProcessor.addSimulinkBlocks(SimulinkModelProcessor.java:340)
	at com.etas.ehcb.common.internal.simulink2kaom.converters.SimulinkModelProcessor.addSubBlock(SimulinkModelProcessor.java:536)
	at com.etas.ehcb.common.internal.simulink2kaom.converters.SimulinkModelProcessor.addSubBlock(SimulinkModelProcessor.java:478)
	at com.etas.ehcb.common.internal.simulink2kaom.converters.SimulinkModelProcessor.addSimulinkBlocks(SimulinkModelProcessor.java:340)
	at com.etas.ehcb.common.internal.simulink2kaom.converters.SimulinkModelProcessor.addSubBlock(SimulinkModelProcessor.java:536)
	at com.etas.ehcb.common.internal.simulink2kaom.converters.SimulinkModelProcessor.addSubBlock(SimulinkModelProcessor.java:478)
	at com.etas.ehcb.common.internal.simulink2kaom.converters.SimulinkModelProcessor.addSimulinkBlocks(SimulinkModelProcessor.java:340)
	at com.etas.ehcb.common.internal.simulink2kaom.converters.SimulinkModelProcessor.addSubBlock(SimulinkModelProcessor.java:536)
	at com.etas.ehcb.common.internal.simulink2kaom.converters.SimulinkModelProcessor.addSubBlock(SimulinkModelProcessor.java:478)
	at com.etas.ehcb.common.internal.simulink2kaom.converters.SimulinkModelProcessor.addSimulinkBlocks(SimulinkModelProcessor.java:340)
	at com.etas.ehcb.common.internal.simulink2kaom.converters.SimulinkModelProcessor.addSubBlock(SimulinkModelProcessor.java:536)
	at com.etas.ehcb.common.internal.simulink2kaom.converters.SimulinkModelProcessor.addSubBlock(SimulinkModelProcessor.java:478)
	at com.etas.ehcb.common.internal.simulink2kaom.converters.SimulinkModelProcessor.addSimulinkBlocks(SimulinkModelProcessor.java:340)
	at com.etas.ehcb.common.internal.simulink2kaom.converters.SimulinkModelProcessor.createKaomFromConverters(SimulinkModelProcessor.java:220)
	at com.etas.ehcb.common.internal.simulink2kaom.converters.SimulinkModelProcessor.convertSimulinkModel2KaomModel(SimulinkModelProcessor.java:169)
	at com.etas.ehcb.common.internal.simulink2kaom.converters.Simulink2KaomConverter.convert(Simulink2KaomConverter.java:67)
	at com.etas.ehcb.common.api.KaomFactory.getEntity(KaomFactory.java:46)
	at com.etas.graphic.generation.common.synthesis.simulink.SimulinkImageSynthesis.createKaoms(SimulinkImageSynthesis.java:106)
	at com.etas.graphic.generation.common.synthesis.simulink.SimulinkImageSynthesis.generateKaomsImages(SimulinkImageSynthesis.java:82)
	at com.etas.graphic.generation.common.api.GraphicGenerator.generateImagesKaom(GraphicGenerator.java:214)
	at java.base/java.util.Optional.ifPresent(Optional.java:183)
	at com.etas.graphic.generation.common.api.GraphicGenerator.generateImagesKaom(GraphicGenerator.java:207)
	at com.etas.graphic.generation.common.api.GraphicGenerator.lambda$4(GraphicGenerator.java:187)
	at java.base/java.util.stream.ForEachOps$ForEachOp$OfRef.accept(ForEachOps.java:183)
	at java.base/java.util.stream.ReferencePipeline$2$1.accept(ReferencePipeline.java:177)
	at java.base/java.util.stream.ReferencePipeline$3$1.accept(ReferencePipeline.java:195)
	at java.base/java.util.Iterator.forEachRemaining(Iterator.java:133)
	at java.base/java.util.Spliterators$IteratorSpliterator.forEachRemaining(Spliterators.java:1801)
	at java.base/java.util.stream.AbstractPipeline.copyInto(AbstractPipeline.java:484)
	at java.base/java.util.stream.AbstractPipeline.wrapAndCopyInto(AbstractPipeline.java:474)
	at java.base/java.util.stream.ForEachOps$ForEachOp.evaluateSequential(ForEachOps.java:150)
	at java.base/java.util.stream.ForEachOps$ForEachOp$OfRef.evaluateSequential(ForEachOps.java:173)
	at java.base/java.util.stream.AbstractPipeline.evaluate(AbstractPipeline.java:234)
	at java.base/java.util.stream.ReferencePipeline.forEach(ReferencePipeline.java:497)
	at com.etas.graphic.generation.common.api.GraphicGenerator.parseInputFile(GraphicGenerator.java:187)
	at com.etas.graphic.generation.common.api.GraphicGenerator.generate(GraphicGenerator.java:84)
	at com.etas.graphic.generation.Application.initiateGraphicGeneration(Application.java:231)
	at com.etas.graphic.generation.Application.start(Application.java:106)
	at org.eclipse.equinox.internal.app.EclipseAppHandle.run(EclipseAppHandle.java:203)
	at org.eclipse.core.runtime.internal.adaptor.EclipseAppLauncher.runApplication(EclipseAppLauncher.java:136)
	at org.eclipse.core.runtime.internal.adaptor.EclipseAppLauncher.start(EclipseAppLauncher.java:104)
	at org.eclipse.core.runtime.adaptor.EclipseStarter.run(EclipseStarter.java:401)
	at org.eclipse.core.runtime.adaptor.EclipseStarter.run(EclipseStarter.java:255)
	at java.base/jdk.internal.reflect.NativeMethodAccessorImpl.invoke0(Native Method)
	at java.base/jdk.internal.reflect.NativeMethodAccessorImpl.invoke(NativeMethodAccessorImpl.java:62)
	at java.base/jdk.internal.reflect.DelegatingMethodAccessorImpl.invoke(DelegatingMethodAccessorImpl.java:43)
	at java.base/java.lang.reflect.Method.invoke(Method.java:566)
	at org.eclipse.equinox.launcher.Main.invokeFramework(Main.java:659)
	at org.eclipse.equinox.launcher.Main.basicRun(Main.java:596)
	at org.eclipse.equinox.launcher.Main.run(Main.java:1467)
2022-04-04 20:12:05.445 [main] ERROR e.e.c.i.s.c.m.SimulinkBaseConverter - Failed to get source block : Cannot find reference simulink/Discontinuities/Saturation\nDynamic for block Actuators/Actuators_mdl/Tvc/ThrottleValveControl/PID_Limit_AWU/Limiter/Saturation Dynamic [Reference, 3:1]
com.etas.mex.common.simulink.reader.datainterpreter.DataProcessorException: Cannot find reference simulink/Discontinuities/Saturation\nDynamic for block Actuators/Actuators_mdl/Tvc/ThrottleValveControl/PID_Limit_AWU/Limiter/Saturation Dynamic [Reference, 3:1]
	at com.etas.mex.common.simulink.reader.internal.dataprocessor.impl.SimulinkBlockProcessor.getReferenceSimulinkBlock(SimulinkBlockProcessor.java:189)
	at com.etas.mex.common.simulink.reader.internal.dataprocessor.impl.SimulinkBlockProcessor.getReferenceModel(SimulinkBlockProcessor.java:174)
	at com.etas.ehcb.common.internal.simulink2kaom.converters.model.SimulinkBaseConverter.setSourceSimulinkBlock(SimulinkBaseConverter.java:170)
	at com.etas.ehcb.common.internal.simulink2kaom.converters.model.SimulinkBaseConverter.createEntity(SimulinkBaseConverter.java:135)
	at com.etas.ehcb.common.internal.simulink2kaom.converters.model.SimulinkBlockConverter.createEntity(SimulinkBlockConverter.java:104)
	at com.etas.ehcb.common.internal.simulink2kaom.converters.model.NonHierarchicalBlockConverter.createEntity(NonHierarchicalBlockConverter.java:33)
	at com.etas.ehcb.common.internal.simulink2kaom.converters.model.DefaultConverter.createEntity(DefaultConverter.java:43)
	at com.etas.ehcb.common.internal.simulink2kaom.converters.SimulinkModelProcessor.createKaom(SimulinkModelProcessor.java:1035)
	at com.etas.ehcb.common.internal.simulink2kaom.converters.SimulinkModelProcessor.createKaom(SimulinkModelProcessor.java:664)
	at com.etas.ehcb.common.internal.simulink2kaom.converters.SimulinkModelProcessor.addSubBlock(SimulinkModelProcessor.java:477)
	at com.etas.ehcb.common.internal.simulink2kaom.converters.SimulinkModelProcessor.addSimulinkBlocks(SimulinkModelProcessor.java:340)
	at com.etas.ehcb.common.internal.simulink2kaom.converters.SimulinkModelProcessor.addSubBlock(SimulinkModelProcessor.java:536)
	at com.etas.ehcb.common.internal.simulink2kaom.converters.SimulinkModelProcessor.addSubBlock(SimulinkModelProcessor.java:478)
	at com.etas.ehcb.common.internal.simulink2kaom.converters.SimulinkModelProcessor.addSimulinkBlocks(SimulinkModelProcessor.java:340)
	at com.etas.ehcb.common.internal.simulink2kaom.converters.SimulinkModelProcessor.addSubBlock(SimulinkModelProcessor.java:536)
	at com.etas.ehcb.common.internal.simulink2kaom.converters.SimulinkModelProcessor.addSubBlock(SimulinkModelProcessor.java:478)
	at com.etas.ehcb.common.internal.simulink2kaom.converters.SimulinkModelProcessor.addSimulinkBlocks(SimulinkModelProcessor.java:340)
	at com.etas.ehcb.common.internal.simulink2kaom.converters.SimulinkModelProcessor.addSubBlock(SimulinkModelProcessor.java:536)
	at com.etas.ehcb.common.internal.simulink2kaom.converters.SimulinkModelProcessor.addSubBlock(SimulinkModelProcessor.java:478)
	at com.etas.ehcb.common.internal.simulink2kaom.converters.SimulinkModelProcessor.addSimulinkBlocks(SimulinkModelProcessor.java:340)
	at com.etas.ehcb.common.internal.simulink2kaom.converters.SimulinkModelProcessor.addSubBlock(SimulinkModelProcessor.java:536)
	at com.etas.ehcb.common.internal.simulink2kaom.converters.SimulinkModelProcessor.addSubBlock(SimulinkModelProcessor.java:478)
	at com.etas.ehcb.common.internal.simulink2kaom.converters.SimulinkModelProcessor.addSimulinkBlocks(SimulinkModelProcessor.java:340)
	at com.etas.ehcb.common.internal.simulink2kaom.converters.SimulinkModelProcessor.addSubBlock(SimulinkModelProcessor.java:536)
	at com.etas.ehcb.common.internal.simulink2kaom.converters.SimulinkModelProcessor.addSubBlock(SimulinkModelProcessor.java:478)
	at com.etas.ehcb.common.internal.simulink2kaom.converters.SimulinkModelProcessor.addSimulinkBlocks(SimulinkModelProcessor.java:340)
	at com.etas.ehcb.common.internal.simulink2kaom.converters.SimulinkModelProcessor.createKaomFromConverters(SimulinkModelProcessor.java:220)
	at com.etas.ehcb.common.internal.simulink2kaom.converters.SimulinkModelProcessor.convertSimulinkModel2KaomModel(SimulinkModelProcessor.java:169)
	at com.etas.ehcb.common.internal.simulink2kaom.converters.Simulink2KaomConverter.convert(Simulink2KaomConverter.java:67)
	at com.etas.ehcb.common.api.KaomFactory.getEntity(KaomFactory.java:46)
	at com.etas.graphic.generation.common.synthesis.simulink.SimulinkImageSynthesis.createKaoms(SimulinkImageSynthesis.java:106)
	at com.etas.graphic.generation.common.synthesis.simulink.SimulinkImageSynthesis.generateKaomsImages(SimulinkImageSynthesis.java:82)
	at com.etas.graphic.generation.common.api.GraphicGenerator.generateImagesKaom(GraphicGenerator.java:214)
	at java.base/java.util.Optional.ifPresent(Optional.java:183)
	at com.etas.graphic.generation.common.api.GraphicGenerator.generateImagesKaom(GraphicGenerator.java:207)
	at com.etas.graphic.generation.common.api.GraphicGenerator.lambda$4(GraphicGenerator.java:187)
	at java.base/java.util.stream.ForEachOps$ForEachOp$OfRef.accept(ForEachOps.java:183)
	at java.base/java.util.stream.ReferencePipeline$2$1.accept(ReferencePipeline.java:177)
	at java.base/java.util.stream.ReferencePipeline$3$1.accept(ReferencePipeline.java:195)
	at java.base/java.util.Iterator.forEachRemaining(Iterator.java:133)
	at java.base/java.util.Spliterators$IteratorSpliterator.forEachRemaining(Spliterators.java:1801)
	at java.base/java.util.stream.AbstractPipeline.copyInto(AbstractPipeline.java:484)
	at java.base/java.util.stream.AbstractPipeline.wrapAndCopyInto(AbstractPipeline.java:474)
	at java.base/java.util.stream.ForEachOps$ForEachOp.evaluateSequential(ForEachOps.java:150)
	at java.base/java.util.stream.ForEachOps$ForEachOp$OfRef.evaluateSequential(ForEachOps.java:173)
	at java.base/java.util.stream.AbstractPipeline.evaluate(AbstractPipeline.java:234)
	at java.base/java.util.stream.ReferencePipeline.forEach(ReferencePipeline.java:497)
	at com.etas.graphic.generation.common.api.GraphicGenerator.parseInputFile(GraphicGenerator.java:187)
	at com.etas.graphic.generation.common.api.GraphicGenerator.generate(GraphicGenerator.java:84)
	at com.etas.graphic.generation.Application.initiateGraphicGeneration(Application.java:231)
	at com.etas.graphic.generation.Application.start(Application.java:106)
	at org.eclipse.equinox.internal.app.EclipseAppHandle.run(EclipseAppHandle.java:203)
	at org.eclipse.core.runtime.internal.adaptor.EclipseAppLauncher.runApplication(EclipseAppLauncher.java:136)
	at org.eclipse.core.runtime.internal.adaptor.EclipseAppLauncher.start(EclipseAppLauncher.java:104)
	at org.eclipse.core.runtime.adaptor.EclipseStarter.run(EclipseStarter.java:401)
	at org.eclipse.core.runtime.adaptor.EclipseStarter.run(EclipseStarter.java:255)
	at java.base/jdk.internal.reflect.NativeMethodAccessorImpl.invoke0(Native Method)
	at java.base/jdk.internal.reflect.NativeMethodAccessorImpl.invoke(NativeMethodAccessorImpl.java:62)
	at java.base/jdk.internal.reflect.DelegatingMethodAccessorImpl.invoke(DelegatingMethodAccessorImpl.java:43)
	at java.base/java.lang.reflect.Method.invoke(Method.java:566)
	at org.eclipse.equinox.launcher.Main.invokeFramework(Main.java:659)
	at org.eclipse.equinox.launcher.Main.basicRun(Main.java:596)
	at org.eclipse.equinox.launcher.Main.run(Main.java:1467)
2022-04-04 20:12:05.461 [main] ERROR e.e.c.i.s.c.m.SimulinkBaseConverter - Failed to get source block : Cannot find reference simulink/Discontinuities/Saturation\nDynamic for block Actuators/Actuators_mdl/Tvc/ThrottleValveControl/PID_Limit_AWU/Limiter/Saturation Dynamic [Reference, 3:1]
com.etas.mex.common.simulink.reader.datainterpreter.DataProcessorException: Cannot find reference simulink/Discontinuities/Saturation\nDynamic for block Actuators/Actuators_mdl/Tvc/ThrottleValveControl/PID_Limit_AWU/Limiter/Saturation Dynamic [Reference, 3:1]
	at com.etas.mex.common.simulink.reader.internal.dataprocessor.impl.SimulinkBlockProcessor.getReferenceSimulinkBlock(SimulinkBlockProcessor.java:189)
	at com.etas.mex.common.simulink.reader.internal.dataprocessor.impl.SimulinkBlockProcessor.getReferenceModel(SimulinkBlockProcessor.java:174)
	at com.etas.ehcb.common.internal.simulink2kaom.converters.model.SimulinkBaseConverter.setSourceSimulinkBlock(SimulinkBaseConverter.java:170)
	at com.etas.ehcb.common.internal.simulink2kaom.converters.model.DefaultPortConverter.createPorts(DefaultPortConverter.java:40)
	at com.etas.ehcb.common.internal.simulink2kaom.converters.model.SimulinkBlockConverter.attachPorts(SimulinkBlockConverter.java:574)
	at com.etas.ehcb.common.internal.simulink2kaom.converters.model.DefaultConverter.createEntity(DefaultConverter.java:58)
	at com.etas.ehcb.common.internal.simulink2kaom.converters.SimulinkModelProcessor.createKaom(SimulinkModelProcessor.java:1035)
	at com.etas.ehcb.common.internal.simulink2kaom.converters.SimulinkModelProcessor.createKaom(SimulinkModelProcessor.java:664)
	at com.etas.ehcb.common.internal.simulink2kaom.converters.SimulinkModelProcessor.addSubBlock(SimulinkModelProcessor.java:477)
	at com.etas.ehcb.common.internal.simulink2kaom.converters.SimulinkModelProcessor.addSimulinkBlocks(SimulinkModelProcessor.java:340)
	at com.etas.ehcb.common.internal.simulink2kaom.converters.SimulinkModelProcessor.addSubBlock(SimulinkModelProcessor.java:536)
	at com.etas.ehcb.common.internal.simulink2kaom.converters.SimulinkModelProcessor.addSubBlock(SimulinkModelProcessor.java:478)
	at com.etas.ehcb.common.internal.simulink2kaom.converters.SimulinkModelProcessor.addSimulinkBlocks(SimulinkModelProcessor.java:340)
	at com.etas.ehcb.common.internal.simulink2kaom.converters.SimulinkModelProcessor.addSubBlock(SimulinkModelProcessor.java:536)
	at com.etas.ehcb.common.internal.simulink2kaom.converters.SimulinkModelProcessor.addSubBlock(SimulinkModelProcessor.java:478)
	at com.etas.ehcb.common.internal.simulink2kaom.converters.SimulinkModelProcessor.addSimulinkBlocks(SimulinkModelProcessor.java:340)
	at com.etas.ehcb.common.internal.simulink2kaom.converters.SimulinkModelProcessor.addSubBlock(SimulinkModelProcessor.java:536)
	at com.etas.ehcb.common.internal.simulink2kaom.converters.SimulinkModelProcessor.addSubBlock(SimulinkModelProcessor.java:478)
	at com.etas.ehcb.common.internal.simulink2kaom.converters.SimulinkModelProcessor.addSimulinkBlocks(SimulinkModelProcessor.java:340)
	at com.etas.ehcb.common.internal.simulink2kaom.converters.SimulinkModelProcessor.addSubBlock(SimulinkModelProcessor.java:536)
	at com.etas.ehcb.common.internal.simulink2kaom.converters.SimulinkModelProcessor.addSubBlock(SimulinkModelProcessor.java:478)
	at com.etas.ehcb.common.internal.simulink2kaom.converters.SimulinkModelProcessor.addSimulinkBlocks(SimulinkModelProcessor.java:340)
	at com.etas.ehcb.common.internal.simulink2kaom.converters.SimulinkModelProcessor.addSubBlock(SimulinkModelProcessor.java:536)
	at com.etas.ehcb.common.internal.simulink2kaom.converters.SimulinkModelProcessor.addSubBlock(SimulinkModelProcessor.java:478)
	at com.etas.ehcb.common.internal.simulink2kaom.converters.SimulinkModelProcessor.addSimulinkBlocks(SimulinkModelProcessor.java:340)
	at com.etas.ehcb.common.internal.simulink2kaom.converters.SimulinkModelProcessor.createKaomFromConverters(SimulinkModelProcessor.java:220)
	at com.etas.ehcb.common.internal.simulink2kaom.converters.SimulinkModelProcessor.convertSimulinkModel2KaomModel(SimulinkModelProcessor.java:169)
	at com.etas.ehcb.common.internal.simulink2kaom.converters.Simulink2KaomConverter.convert(Simulink2KaomConverter.java:67)
	at com.etas.ehcb.common.api.KaomFactory.getEntity(KaomFactory.java:46)
	at com.etas.graphic.generation.common.synthesis.simulink.SimulinkImageSynthesis.createKaoms(SimulinkImageSynthesis.java:106)
	at com.etas.graphic.generation.common.synthesis.simulink.SimulinkImageSynthesis.generateKaomsImages(SimulinkImageSynthesis.java:82)
	at com.etas.graphic.generation.common.api.GraphicGenerator.generateImagesKaom(GraphicGenerator.java:214)
	at java.base/java.util.Optional.ifPresent(Optional.java:183)
	at com.etas.graphic.generation.common.api.GraphicGenerator.generateImagesKaom(GraphicGenerator.java:207)
	at com.etas.graphic.generation.common.api.GraphicGenerator.lambda$4(GraphicGenerator.java:187)
	at java.base/java.util.stream.ForEachOps$ForEachOp$OfRef.accept(ForEachOps.java:183)
	at java.base/java.util.stream.ReferencePipeline$2$1.accept(ReferencePipeline.java:177)
	at java.base/java.util.stream.ReferencePipeline$3$1.accept(ReferencePipeline.java:195)
	at java.base/java.util.Iterator.forEachRemaining(Iterator.java:133)
	at java.base/java.util.Spliterators$IteratorSpliterator.forEachRemaining(Spliterators.java:1801)
	at java.base/java.util.stream.AbstractPipeline.copyInto(AbstractPipeline.java:484)
	at java.base/java.util.stream.AbstractPipeline.wrapAndCopyInto(AbstractPipeline.java:474)
	at java.base/java.util.stream.ForEachOps$ForEachOp.evaluateSequential(ForEachOps.java:150)
	at java.base/java.util.stream.ForEachOps$ForEachOp$OfRef.evaluateSequential(ForEachOps.java:173)
	at java.base/java.util.stream.AbstractPipeline.evaluate(AbstractPipeline.java:234)
	at java.base/java.util.stream.ReferencePipeline.forEach(ReferencePipeline.java:497)
	at com.etas.graphic.generation.common.api.GraphicGenerator.parseInputFile(GraphicGenerator.java:187)
	at com.etas.graphic.generation.common.api.GraphicGenerator.generate(GraphicGenerator.java:84)
	at com.etas.graphic.generation.Application.initiateGraphicGeneration(Application.java:231)
	at com.etas.graphic.generation.Application.start(Application.java:106)
	at org.eclipse.equinox.internal.app.EclipseAppHandle.run(EclipseAppHandle.java:203)
	at org.eclipse.core.runtime.internal.adaptor.EclipseAppLauncher.runApplication(EclipseAppLauncher.java:136)
	at org.eclipse.core.runtime.internal.adaptor.EclipseAppLauncher.start(EclipseAppLauncher.java:104)
	at org.eclipse.core.runtime.adaptor.EclipseStarter.run(EclipseStarter.java:401)
	at org.eclipse.core.runtime.adaptor.EclipseStarter.run(EclipseStarter.java:255)
	at java.base/jdk.internal.reflect.NativeMethodAccessorImpl.invoke0(Native Method)
	at java.base/jdk.internal.reflect.NativeMethodAccessorImpl.invoke(NativeMethodAccessorImpl.java:62)
	at java.base/jdk.internal.reflect.DelegatingMethodAccessorImpl.invoke(DelegatingMethodAccessorImpl.java:43)
	at java.base/java.lang.reflect.Method.invoke(Method.java:566)
	at org.eclipse.equinox.launcher.Main.invokeFramework(Main.java:659)
	at org.eclipse.equinox.launcher.Main.basicRun(Main.java:596)
	at org.eclipse.equinox.launcher.Main.run(Main.java:1467)
2022-04-04 20:12:05.578 [main] INFO  c.e.m.c.k.i.g.KlighdSvgGenerator    - SVG image generated by Klighd: C:\eHandbook\Container\FlexECUDemo\Demos\Demo_UGG\.\Output_ugg\ImageGeneratorFolder\Simulink\Actuators\DEFAULT\images\S_aab347.svg
2022-04-04 20:12:05.998 [main] INFO  c.e.m.c.k.i.g.KlighdSvgGenerator    - SVG image generated by Klighd: C:\eHandbook\Container\FlexECUDemo\Demos\Demo_UGG\.\Output_ugg\ImageGeneratorFolder\Simulink\Actuators\DEFAULT\images\S_aab249.svg
2022-04-04 20:12:06.415 [main] INFO  c.e.m.c.k.i.g.KlighdSvgGenerator    - SVG image generated by Klighd: C:\eHandbook\Container\FlexECUDemo\Demos\Demo_UGG\.\Output_ugg\ImageGeneratorFolder\Simulink\Actuators\DEFAULT\images\S_aab194.svg
2022-04-04 20:12:06.641 [main] INFO  c.e.m.c.k.i.g.KlighdSvgGenerator    - SVG image generated by Klighd: C:\eHandbook\Container\FlexECUDemo\Demos\Demo_UGG\.\Output_ugg\ImageGeneratorFolder\Simulink\Actuators\DEFAULT\images\S_aab438.svg
2022-04-04 20:12:06.745 [main] INFO  c.e.m.c.k.i.g.KlighdSvgGenerator    - SVG image generated by Klighd: C:\eHandbook\Container\FlexECUDemo\Demos\Demo_UGG\.\Output_ugg\ImageGeneratorFolder\Simulink\Actuators\DEFAULT\images\S_aab483.svg
2022-04-04 20:12:06.747 [main] ERROR c.e.e.c.i.s.c.m.ReferenceConverter  - Cannot retrieve actual type for Simulink block Actuators/Actuators_mdl/Tvc/ThrottleValveOutput/Interval Test [Reference, 1:1].
com.etas.mex.common.simulink.reader.datainterpreter.DataProcessorException: Cannot find reference simulink/Logic and Bit\nOperations/Interval Test for block Actuators/Actuators_mdl/Tvc/ThrottleValveOutput/Interval Test [Reference, 1:1]
	at com.etas.mex.common.simulink.reader.internal.dataprocessor.impl.SimulinkBlockProcessor.getReferenceSimulinkBlock(SimulinkBlockProcessor.java:189)
	at com.etas.mex.common.simulink.reader.internal.dataprocessor.impl.SimulinkBlockProcessor.getReferenceModel(SimulinkBlockProcessor.java:174)
	at com.etas.ehcb.common.internal.simulink2kaom.converters.model.ReferenceConverter.getActualType(ReferenceConverter.java:41)
	at com.etas.ehcb.common.internal.simulink2kaom.converters.SimulinkModelProcessor.createKaom(SimulinkModelProcessor.java:1022)
	at com.etas.ehcb.common.internal.simulink2kaom.converters.SimulinkModelProcessor.createKaom(SimulinkModelProcessor.java:664)
	at com.etas.ehcb.common.internal.simulink2kaom.converters.SimulinkModelProcessor.addSubBlock(SimulinkModelProcessor.java:477)
	at com.etas.ehcb.common.internal.simulink2kaom.converters.SimulinkModelProcessor.addSimulinkBlocks(SimulinkModelProcessor.java:340)
	at com.etas.ehcb.common.internal.simulink2kaom.converters.SimulinkModelProcessor.addSubBlock(SimulinkModelProcessor.java:536)
	at com.etas.ehcb.common.internal.simulink2kaom.converters.SimulinkModelProcessor.addSubBlock(SimulinkModelProcessor.java:478)
	at com.etas.ehcb.common.internal.simulink2kaom.converters.SimulinkModelProcessor.addSimulinkBlocks(SimulinkModelProcessor.java:340)
	at com.etas.ehcb.common.internal.simulink2kaom.converters.SimulinkModelProcessor.addSubBlock(SimulinkModelProcessor.java:536)
	at com.etas.ehcb.common.internal.simulink2kaom.converters.SimulinkModelProcessor.addSubBlock(SimulinkModelProcessor.java:478)
	at com.etas.ehcb.common.internal.simulink2kaom.converters.SimulinkModelProcessor.addSimulinkBlocks(SimulinkModelProcessor.java:340)
	at com.etas.ehcb.common.internal.simulink2kaom.converters.SimulinkModelProcessor.addSubBlock(SimulinkModelProcessor.java:536)
	at com.etas.ehcb.common.internal.simulink2kaom.converters.SimulinkModelProcessor.addSubBlock(SimulinkModelProcessor.java:478)
	at com.etas.ehcb.common.internal.simulink2kaom.converters.SimulinkModelProcessor.addSimulinkBlocks(SimulinkModelProcessor.java:340)
	at com.etas.ehcb.common.internal.simulink2kaom.converters.SimulinkModelProcessor.createKaomFromConverters(SimulinkModelProcessor.java:220)
	at com.etas.ehcb.common.internal.simulink2kaom.converters.SimulinkModelProcessor.convertSimulinkModel2KaomModel(SimulinkModelProcessor.java:169)
	at com.etas.ehcb.common.internal.simulink2kaom.converters.Simulink2KaomConverter.convert(Simulink2KaomConverter.java:67)
	at com.etas.ehcb.common.api.KaomFactory.getEntity(KaomFactory.java:46)
	at com.etas.graphic.generation.common.synthesis.simulink.SimulinkImageSynthesis.createKaoms(SimulinkImageSynthesis.java:106)
	at com.etas.graphic.generation.common.synthesis.simulink.SimulinkImageSynthesis.generateKaomsImages(SimulinkImageSynthesis.java:82)
	at com.etas.graphic.generation.common.api.GraphicGenerator.generateImagesKaom(GraphicGenerator.java:214)
	at java.base/java.util.Optional.ifPresent(Optional.java:183)
	at com.etas.graphic.generation.common.api.GraphicGenerator.generateImagesKaom(GraphicGenerator.java:207)
	at com.etas.graphic.generation.common.api.GraphicGenerator.lambda$4(GraphicGenerator.java:187)
	at java.base/java.util.stream.ForEachOps$ForEachOp$OfRef.accept(ForEachOps.java:183)
	at java.base/java.util.stream.ReferencePipeline$2$1.accept(ReferencePipeline.java:177)
	at java.base/java.util.stream.ReferencePipeline$3$1.accept(ReferencePipeline.java:195)
	at java.base/java.util.Iterator.forEachRemaining(Iterator.java:133)
	at java.base/java.util.Spliterators$IteratorSpliterator.forEachRemaining(Spliterators.java:1801)
	at java.base/java.util.stream.AbstractPipeline.copyInto(AbstractPipeline.java:484)
	at java.base/java.util.stream.AbstractPipeline.wrapAndCopyInto(AbstractPipeline.java:474)
	at java.base/java.util.stream.ForEachOps$ForEachOp.evaluateSequential(ForEachOps.java:150)
	at java.base/java.util.stream.ForEachOps$ForEachOp$OfRef.evaluateSequential(ForEachOps.java:173)
	at java.base/java.util.stream.AbstractPipeline.evaluate(AbstractPipeline.java:234)
	at java.base/java.util.stream.ReferencePipeline.forEach(ReferencePipeline.java:497)
	at com.etas.graphic.generation.common.api.GraphicGenerator.parseInputFile(GraphicGenerator.java:187)
	at com.etas.graphic.generation.common.api.GraphicGenerator.generate(GraphicGenerator.java:84)
	at com.etas.graphic.generation.Application.initiateGraphicGeneration(Application.java:231)
	at com.etas.graphic.generation.Application.start(Application.java:106)
	at org.eclipse.equinox.internal.app.EclipseAppHandle.run(EclipseAppHandle.java:203)
	at org.eclipse.core.runtime.internal.adaptor.EclipseAppLauncher.runApplication(EclipseAppLauncher.java:136)
	at org.eclipse.core.runtime.internal.adaptor.EclipseAppLauncher.start(EclipseAppLauncher.java:104)
	at org.eclipse.core.runtime.adaptor.EclipseStarter.run(EclipseStarter.java:401)
	at org.eclipse.core.runtime.adaptor.EclipseStarter.run(EclipseStarter.java:255)
	at java.base/jdk.internal.reflect.NativeMethodAccessorImpl.invoke0(Native Method)
	at java.base/jdk.internal.reflect.NativeMethodAccessorImpl.invoke(NativeMethodAccessorImpl.java:62)
	at java.base/jdk.internal.reflect.DelegatingMethodAccessorImpl.invoke(DelegatingMethodAccessorImpl.java:43)
	at java.base/java.lang.reflect.Method.invoke(Method.java:566)
	at org.eclipse.equinox.launcher.Main.invokeFramework(Main.java:659)
	at org.eclipse.equinox.launcher.Main.basicRun(Main.java:596)
	at org.eclipse.equinox.launcher.Main.run(Main.java:1467)
2022-04-04 20:12:06.749 [main] ERROR e.e.c.i.s.c.m.SimulinkBaseConverter - Failed to get source block : Cannot find reference simulink/Logic and Bit\nOperations/Interval Test for block Actuators/Actuators_mdl/Tvc/ThrottleValveOutput/Interval Test [Reference, 1:1]
com.etas.mex.common.simulink.reader.datainterpreter.DataProcessorException: Cannot find reference simulink/Logic and Bit\nOperations/Interval Test for block Actuators/Actuators_mdl/Tvc/ThrottleValveOutput/Interval Test [Reference, 1:1]
	at com.etas.mex.common.simulink.reader.internal.dataprocessor.impl.SimulinkBlockProcessor.getReferenceSimulinkBlock(SimulinkBlockProcessor.java:189)
	at com.etas.mex.common.simulink.reader.internal.dataprocessor.impl.SimulinkBlockProcessor.getReferenceModel(SimulinkBlockProcessor.java:174)
	at com.etas.ehcb.common.internal.simulink2kaom.converters.model.SimulinkBaseConverter.setSourceSimulinkBlock(SimulinkBaseConverter.java:170)
	at com.etas.ehcb.common.internal.simulink2kaom.converters.model.SimulinkBaseConverter.createEntity(SimulinkBaseConverter.java:135)
	at com.etas.ehcb.common.internal.simulink2kaom.converters.model.SimulinkBlockConverter.createEntity(SimulinkBlockConverter.java:104)
	at com.etas.ehcb.common.internal.simulink2kaom.converters.model.NonHierarchicalBlockConverter.createEntity(NonHierarchicalBlockConverter.java:33)
	at com.etas.ehcb.common.internal.simulink2kaom.converters.model.DefaultConverter.createEntity(DefaultConverter.java:43)
	at com.etas.ehcb.common.internal.simulink2kaom.converters.SimulinkModelProcessor.createKaom(SimulinkModelProcessor.java:1035)
	at com.etas.ehcb.common.internal.simulink2kaom.converters.SimulinkModelProcessor.createKaom(SimulinkModelProcessor.java:664)
	at com.etas.ehcb.common.internal.simulink2kaom.converters.SimulinkModelProcessor.addSubBlock(SimulinkModelProcessor.java:477)
	at com.etas.ehcb.common.internal.simulink2kaom.converters.SimulinkModelProcessor.addSimulinkBlocks(SimulinkModelProcessor.java:340)
	at com.etas.ehcb.common.internal.simulink2kaom.converters.SimulinkModelProcessor.addSubBlock(SimulinkModelProcessor.java:536)
	at com.etas.ehcb.common.internal.simulink2kaom.converters.SimulinkModelProcessor.addSubBlock(SimulinkModelProcessor.java:478)
	at com.etas.ehcb.common.internal.simulink2kaom.converters.SimulinkModelProcessor.addSimulinkBlocks(SimulinkModelProcessor.java:340)
	at com.etas.ehcb.common.internal.simulink2kaom.converters.SimulinkModelProcessor.addSubBlock(SimulinkModelProcessor.java:536)
	at com.etas.ehcb.common.internal.simulink2kaom.converters.SimulinkModelProcessor.addSubBlock(SimulinkModelProcessor.java:478)
	at com.etas.ehcb.common.internal.simulink2kaom.converters.SimulinkModelProcessor.addSimulinkBlocks(SimulinkModelProcessor.java:340)
	at com.etas.ehcb.common.internal.simulink2kaom.converters.SimulinkModelProcessor.addSubBlock(SimulinkModelProcessor.java:536)
	at com.etas.ehcb.common.internal.simulink2kaom.converters.SimulinkModelProcessor.addSubBlock(SimulinkModelProcessor.java:478)
	at com.etas.ehcb.common.internal.simulink2kaom.converters.SimulinkModelProcessor.addSimulinkBlocks(SimulinkModelProcessor.java:340)
	at com.etas.ehcb.common.internal.simulink2kaom.converters.SimulinkModelProcessor.createKaomFromConverters(SimulinkModelProcessor.java:220)
	at com.etas.ehcb.common.internal.simulink2kaom.converters.SimulinkModelProcessor.convertSimulinkModel2KaomModel(SimulinkModelProcessor.java:169)
	at com.etas.ehcb.common.internal.simulink2kaom.converters.Simulink2KaomConverter.convert(Simulink2KaomConverter.java:67)
	at com.etas.ehcb.common.api.KaomFactory.getEntity(KaomFactory.java:46)
	at com.etas.graphic.generation.common.synthesis.simulink.SimulinkImageSynthesis.createKaoms(SimulinkImageSynthesis.java:106)
	at com.etas.graphic.generation.common.synthesis.simulink.SimulinkImageSynthesis.generateKaomsImages(SimulinkImageSynthesis.java:82)
	at com.etas.graphic.generation.common.api.GraphicGenerator.generateImagesKaom(GraphicGenerator.java:214)
	at java.base/java.util.Optional.ifPresent(Optional.java:183)
	at com.etas.graphic.generation.common.api.GraphicGenerator.generateImagesKaom(GraphicGenerator.java:207)
	at com.etas.graphic.generation.common.api.GraphicGenerator.lambda$4(GraphicGenerator.java:187)
	at java.base/java.util.stream.ForEachOps$ForEachOp$OfRef.accept(ForEachOps.java:183)
	at java.base/java.util.stream.ReferencePipeline$2$1.accept(ReferencePipeline.java:177)
	at java.base/java.util.stream.ReferencePipeline$3$1.accept(ReferencePipeline.java:195)
	at java.base/java.util.Iterator.forEachRemaining(Iterator.java:133)
	at java.base/java.util.Spliterators$IteratorSpliterator.forEachRemaining(Spliterators.java:1801)
	at java.base/java.util.stream.AbstractPipeline.copyInto(AbstractPipeline.java:484)
	at java.base/java.util.stream.AbstractPipeline.wrapAndCopyInto(AbstractPipeline.java:474)
	at java.base/java.util.stream.ForEachOps$ForEachOp.evaluateSequential(ForEachOps.java:150)
	at java.base/java.util.stream.ForEachOps$ForEachOp$OfRef.evaluateSequential(ForEachOps.java:173)
	at java.base/java.util.stream.AbstractPipeline.evaluate(AbstractPipeline.java:234)
	at java.base/java.util.stream.ReferencePipeline.forEach(ReferencePipeline.java:497)
	at com.etas.graphic.generation.common.api.GraphicGenerator.parseInputFile(GraphicGenerator.java:187)
	at com.etas.graphic.generation.common.api.GraphicGenerator.generate(GraphicGenerator.java:84)
	at com.etas.graphic.generation.Application.initiateGraphicGeneration(Application.java:231)
	at com.etas.graphic.generation.Application.start(Application.java:106)
	at org.eclipse.equinox.internal.app.EclipseAppHandle.run(EclipseAppHandle.java:203)
	at org.eclipse.core.runtime.internal.adaptor.EclipseAppLauncher.runApplication(EclipseAppLauncher.java:136)
	at org.eclipse.core.runtime.internal.adaptor.EclipseAppLauncher.start(EclipseAppLauncher.java:104)
	at org.eclipse.core.runtime.adaptor.EclipseStarter.run(EclipseStarter.java:401)
	at org.eclipse.core.runtime.adaptor.EclipseStarter.run(EclipseStarter.java:255)
	at java.base/jdk.internal.reflect.NativeMethodAccessorImpl.invoke0(Native Method)
	at java.base/jdk.internal.reflect.NativeMethodAccessorImpl.invoke(NativeMethodAccessorImpl.java:62)
	at java.base/jdk.internal.reflect.DelegatingMethodAccessorImpl.invoke(DelegatingMethodAccessorImpl.java:43)
	at java.base/java.lang.reflect.Method.invoke(Method.java:566)
	at org.eclipse.equinox.launcher.Main.invokeFramework(Main.java:659)
	at org.eclipse.equinox.launcher.Main.basicRun(Main.java:596)
	at org.eclipse.equinox.launcher.Main.run(Main.java:1467)
2022-04-04 20:12:06.761 [main] ERROR e.e.c.i.s.c.m.SimulinkBaseConverter - Failed to get source block : Cannot find reference simulink/Logic and Bit\nOperations/Interval Test for block Actuators/Actuators_mdl/Tvc/ThrottleValveOutput/Interval Test [Reference, 1:1]
com.etas.mex.common.simulink.reader.datainterpreter.DataProcessorException: Cannot find reference simulink/Logic and Bit\nOperations/Interval Test for block Actuators/Actuators_mdl/Tvc/ThrottleValveOutput/Interval Test [Reference, 1:1]
	at com.etas.mex.common.simulink.reader.internal.dataprocessor.impl.SimulinkBlockProcessor.getReferenceSimulinkBlock(SimulinkBlockProcessor.java:189)
	at com.etas.mex.common.simulink.reader.internal.dataprocessor.impl.SimulinkBlockProcessor.getReferenceModel(SimulinkBlockProcessor.java:174)
	at com.etas.ehcb.common.internal.simulink2kaom.converters.model.SimulinkBaseConverter.setSourceSimulinkBlock(SimulinkBaseConverter.java:170)
	at com.etas.ehcb.common.internal.simulink2kaom.converters.model.DefaultPortConverter.createPorts(DefaultPortConverter.java:40)
	at com.etas.ehcb.common.internal.simulink2kaom.converters.model.SimulinkBlockConverter.attachPorts(SimulinkBlockConverter.java:574)
	at com.etas.ehcb.common.internal.simulink2kaom.converters.model.DefaultConverter.createEntity(DefaultConverter.java:58)
	at com.etas.ehcb.common.internal.simulink2kaom.converters.SimulinkModelProcessor.createKaom(SimulinkModelProcessor.java:1035)
	at com.etas.ehcb.common.internal.simulink2kaom.converters.SimulinkModelProcessor.createKaom(SimulinkModelProcessor.java:664)
	at com.etas.ehcb.common.internal.simulink2kaom.converters.SimulinkModelProcessor.addSubBlock(SimulinkModelProcessor.java:477)
	at com.etas.ehcb.common.internal.simulink2kaom.converters.SimulinkModelProcessor.addSimulinkBlocks(SimulinkModelProcessor.java:340)
	at com.etas.ehcb.common.internal.simulink2kaom.converters.SimulinkModelProcessor.addSubBlock(SimulinkModelProcessor.java:536)
	at com.etas.ehcb.common.internal.simulink2kaom.converters.SimulinkModelProcessor.addSubBlock(SimulinkModelProcessor.java:478)
	at com.etas.ehcb.common.internal.simulink2kaom.converters.SimulinkModelProcessor.addSimulinkBlocks(SimulinkModelProcessor.java:340)
	at com.etas.ehcb.common.internal.simulink2kaom.converters.SimulinkModelProcessor.addSubBlock(SimulinkModelProcessor.java:536)
	at com.etas.ehcb.common.internal.simulink2kaom.converters.SimulinkModelProcessor.addSubBlock(SimulinkModelProcessor.java:478)
	at com.etas.ehcb.common.internal.simulink2kaom.converters.SimulinkModelProcessor.addSimulinkBlocks(SimulinkModelProcessor.java:340)
	at com.etas.ehcb.common.internal.simulink2kaom.converters.SimulinkModelProcessor.addSubBlock(SimulinkModelProcessor.java:536)
	at com.etas.ehcb.common.internal.simulink2kaom.converters.SimulinkModelProcessor.addSubBlock(SimulinkModelProcessor.java:478)
	at com.etas.ehcb.common.internal.simulink2kaom.converters.SimulinkModelProcessor.addSimulinkBlocks(SimulinkModelProcessor.java:340)
	at com.etas.ehcb.common.internal.simulink2kaom.converters.SimulinkModelProcessor.createKaomFromConverters(SimulinkModelProcessor.java:220)
	at com.etas.ehcb.common.internal.simulink2kaom.converters.SimulinkModelProcessor.convertSimulinkModel2KaomModel(SimulinkModelProcessor.java:169)
	at com.etas.ehcb.common.internal.simulink2kaom.converters.Simulink2KaomConverter.convert(Simulink2KaomConverter.java:67)
	at com.etas.ehcb.common.api.KaomFactory.getEntity(KaomFactory.java:46)
	at com.etas.graphic.generation.common.synthesis.simulink.SimulinkImageSynthesis.createKaoms(SimulinkImageSynthesis.java:106)
	at com.etas.graphic.generation.common.synthesis.simulink.SimulinkImageSynthesis.generateKaomsImages(SimulinkImageSynthesis.java:82)
	at com.etas.graphic.generation.common.api.GraphicGenerator.generateImagesKaom(GraphicGenerator.java:214)
	at java.base/java.util.Optional.ifPresent(Optional.java:183)
	at com.etas.graphic.generation.common.api.GraphicGenerator.generateImagesKaom(GraphicGenerator.java:207)
	at com.etas.graphic.generation.common.api.GraphicGenerator.lambda$4(GraphicGenerator.java:187)
	at java.base/java.util.stream.ForEachOps$ForEachOp$OfRef.accept(ForEachOps.java:183)
	at java.base/java.util.stream.ReferencePipeline$2$1.accept(ReferencePipeline.java:177)
	at java.base/java.util.stream.ReferencePipeline$3$1.accept(ReferencePipeline.java:195)
	at java.base/java.util.Iterator.forEachRemaining(Iterator.java:133)
	at java.base/java.util.Spliterators$IteratorSpliterator.forEachRemaining(Spliterators.java:1801)
	at java.base/java.util.stream.AbstractPipeline.copyInto(AbstractPipeline.java:484)
	at java.base/java.util.stream.AbstractPipeline.wrapAndCopyInto(AbstractPipeline.java:474)
	at java.base/java.util.stream.ForEachOps$ForEachOp.evaluateSequential(ForEachOps.java:150)
	at java.base/java.util.stream.ForEachOps$ForEachOp$OfRef.evaluateSequential(ForEachOps.java:173)
	at java.base/java.util.stream.AbstractPipeline.evaluate(AbstractPipeline.java:234)
	at java.base/java.util.stream.ReferencePipeline.forEach(ReferencePipeline.java:497)
	at com.etas.graphic.generation.common.api.GraphicGenerator.parseInputFile(GraphicGenerator.java:187)
	at com.etas.graphic.generation.common.api.GraphicGenerator.generate(GraphicGenerator.java:84)
	at com.etas.graphic.generation.Application.initiateGraphicGeneration(Application.java:231)
	at com.etas.graphic.generation.Application.start(Application.java:106)
	at org.eclipse.equinox.internal.app.EclipseAppHandle.run(EclipseAppHandle.java:203)
	at org.eclipse.core.runtime.internal.adaptor.EclipseAppLauncher.runApplication(EclipseAppLauncher.java:136)
	at org.eclipse.core.runtime.internal.adaptor.EclipseAppLauncher.start(EclipseAppLauncher.java:104)
	at org.eclipse.core.runtime.adaptor.EclipseStarter.run(EclipseStarter.java:401)
	at org.eclipse.core.runtime.adaptor.EclipseStarter.run(EclipseStarter.java:255)
	at java.base/jdk.internal.reflect.NativeMethodAccessorImpl.invoke0(Native Method)
	at java.base/jdk.internal.reflect.NativeMethodAccessorImpl.invoke(NativeMethodAccessorImpl.java:62)
	at java.base/jdk.internal.reflect.DelegatingMethodAccessorImpl.invoke(DelegatingMethodAccessorImpl.java:43)
	at java.base/java.lang.reflect.Method.invoke(Method.java:566)
	at org.eclipse.equinox.launcher.Main.invokeFramework(Main.java:659)
	at org.eclipse.equinox.launcher.Main.basicRun(Main.java:596)
	at org.eclipse.equinox.launcher.Main.run(Main.java:1467)
2022-04-04 20:12:06.939 [main] INFO  c.e.m.c.k.i.g.KlighdSvgGenerator    - SVG image generated by Klighd: C:\eHandbook\Container\FlexECUDemo\Demos\Demo_UGG\.\Output_ugg\ImageGeneratorFolder\Simulink\Actuators\DEFAULT\images\S_aab418.svg
2022-04-04 20:12:06.968 [main] ERROR c.e.e.c.i.s.c.m.ReferenceConverter  - Cannot retrieve actual type for Simulink block Actuators/Actuators_mdl/Tvc/Limiter/Saturation Dynamic [Reference, 3:1].
com.etas.mex.common.simulink.reader.datainterpreter.DataProcessorException: Cannot find reference simulink/Discontinuities/Saturation\nDynamic for block Actuators/Actuators_mdl/Tvc/Limiter/Saturation Dynamic [Reference, 3:1]
	at com.etas.mex.common.simulink.reader.internal.dataprocessor.impl.SimulinkBlockProcessor.getReferenceSimulinkBlock(SimulinkBlockProcessor.java:189)
	at com.etas.mex.common.simulink.reader.internal.dataprocessor.impl.SimulinkBlockProcessor.getReferenceModel(SimulinkBlockProcessor.java:174)
	at com.etas.ehcb.common.internal.simulink2kaom.converters.model.ReferenceConverter.getActualType(ReferenceConverter.java:41)
	at com.etas.ehcb.common.internal.simulink2kaom.converters.SimulinkModelProcessor.createKaom(SimulinkModelProcessor.java:1022)
	at com.etas.ehcb.common.internal.simulink2kaom.converters.SimulinkModelProcessor.createKaom(SimulinkModelProcessor.java:664)
	at com.etas.ehcb.common.internal.simulink2kaom.converters.SimulinkModelProcessor.addSubBlock(SimulinkModelProcessor.java:477)
	at com.etas.ehcb.common.internal.simulink2kaom.converters.SimulinkModelProcessor.addSimulinkBlocks(SimulinkModelProcessor.java:340)
	at com.etas.ehcb.common.internal.simulink2kaom.converters.SimulinkModelProcessor.addSubBlock(SimulinkModelProcessor.java:536)
	at com.etas.ehcb.common.internal.simulink2kaom.converters.SimulinkModelProcessor.addSubBlock(SimulinkModelProcessor.java:478)
	at com.etas.ehcb.common.internal.simulink2kaom.converters.SimulinkModelProcessor.addSimulinkBlocks(SimulinkModelProcessor.java:340)
	at com.etas.ehcb.common.internal.simulink2kaom.converters.SimulinkModelProcessor.addSubBlock(SimulinkModelProcessor.java:536)
	at com.etas.ehcb.common.internal.simulink2kaom.converters.SimulinkModelProcessor.addSubBlock(SimulinkModelProcessor.java:478)
	at com.etas.ehcb.common.internal.simulink2kaom.converters.SimulinkModelProcessor.addSimulinkBlocks(SimulinkModelProcessor.java:340)
	at com.etas.ehcb.common.internal.simulink2kaom.converters.SimulinkModelProcessor.addSubBlock(SimulinkModelProcessor.java:536)
	at com.etas.ehcb.common.internal.simulink2kaom.converters.SimulinkModelProcessor.addSubBlock(SimulinkModelProcessor.java:478)
	at com.etas.ehcb.common.internal.simulink2kaom.converters.SimulinkModelProcessor.addSimulinkBlocks(SimulinkModelProcessor.java:340)
	at com.etas.ehcb.common.internal.simulink2kaom.converters.SimulinkModelProcessor.createKaomFromConverters(SimulinkModelProcessor.java:220)
	at com.etas.ehcb.common.internal.simulink2kaom.converters.SimulinkModelProcessor.convertSimulinkModel2KaomModel(SimulinkModelProcessor.java:169)
	at com.etas.ehcb.common.internal.simulink2kaom.converters.Simulink2KaomConverter.convert(Simulink2KaomConverter.java:67)
	at com.etas.ehcb.common.api.KaomFactory.getEntity(KaomFactory.java:46)
	at com.etas.graphic.generation.common.synthesis.simulink.SimulinkImageSynthesis.createKaoms(SimulinkImageSynthesis.java:106)
	at com.etas.graphic.generation.common.synthesis.simulink.SimulinkImageSynthesis.generateKaomsImages(SimulinkImageSynthesis.java:82)
	at com.etas.graphic.generation.common.api.GraphicGenerator.generateImagesKaom(GraphicGenerator.java:214)
	at java.base/java.util.Optional.ifPresent(Optional.java:183)
	at com.etas.graphic.generation.common.api.GraphicGenerator.generateImagesKaom(GraphicGenerator.java:207)
	at com.etas.graphic.generation.common.api.GraphicGenerator.lambda$4(GraphicGenerator.java:187)
	at java.base/java.util.stream.ForEachOps$ForEachOp$OfRef.accept(ForEachOps.java:183)
	at java.base/java.util.stream.ReferencePipeline$2$1.accept(ReferencePipeline.java:177)
	at java.base/java.util.stream.ReferencePipeline$3$1.accept(ReferencePipeline.java:195)
	at java.base/java.util.Iterator.forEachRemaining(Iterator.java:133)
	at java.base/java.util.Spliterators$IteratorSpliterator.forEachRemaining(Spliterators.java:1801)
	at java.base/java.util.stream.AbstractPipeline.copyInto(AbstractPipeline.java:484)
	at java.base/java.util.stream.AbstractPipeline.wrapAndCopyInto(AbstractPipeline.java:474)
	at java.base/java.util.stream.ForEachOps$ForEachOp.evaluateSequential(ForEachOps.java:150)
	at java.base/java.util.stream.ForEachOps$ForEachOp$OfRef.evaluateSequential(ForEachOps.java:173)
	at java.base/java.util.stream.AbstractPipeline.evaluate(AbstractPipeline.java:234)
	at java.base/java.util.stream.ReferencePipeline.forEach(ReferencePipeline.java:497)
	at com.etas.graphic.generation.common.api.GraphicGenerator.parseInputFile(GraphicGenerator.java:187)
	at com.etas.graphic.generation.common.api.GraphicGenerator.generate(GraphicGenerator.java:84)
	at com.etas.graphic.generation.Application.initiateGraphicGeneration(Application.java:231)
	at com.etas.graphic.generation.Application.start(Application.java:106)
	at org.eclipse.equinox.internal.app.EclipseAppHandle.run(EclipseAppHandle.java:203)
	at org.eclipse.core.runtime.internal.adaptor.EclipseAppLauncher.runApplication(EclipseAppLauncher.java:136)
	at org.eclipse.core.runtime.internal.adaptor.EclipseAppLauncher.start(EclipseAppLauncher.java:104)
	at org.eclipse.core.runtime.adaptor.EclipseStarter.run(EclipseStarter.java:401)
	at org.eclipse.core.runtime.adaptor.EclipseStarter.run(EclipseStarter.java:255)
	at java.base/jdk.internal.reflect.NativeMethodAccessorImpl.invoke0(Native Method)
	at java.base/jdk.internal.reflect.NativeMethodAccessorImpl.invoke(NativeMethodAccessorImpl.java:62)
	at java.base/jdk.internal.reflect.DelegatingMethodAccessorImpl.invoke(DelegatingMethodAccessorImpl.java:43)
	at java.base/java.lang.reflect.Method.invoke(Method.java:566)
	at org.eclipse.equinox.launcher.Main.invokeFramework(Main.java:659)
	at org.eclipse.equinox.launcher.Main.basicRun(Main.java:596)
	at org.eclipse.equinox.launcher.Main.run(Main.java:1467)
2022-04-04 20:12:06.969 [main] ERROR e.e.c.i.s.c.m.SimulinkBaseConverter - Failed to get source block : Cannot find reference simulink/Discontinuities/Saturation\nDynamic for block Actuators/Actuators_mdl/Tvc/Limiter/Saturation Dynamic [Reference, 3:1]
com.etas.mex.common.simulink.reader.datainterpreter.DataProcessorException: Cannot find reference simulink/Discontinuities/Saturation\nDynamic for block Actuators/Actuators_mdl/Tvc/Limiter/Saturation Dynamic [Reference, 3:1]
	at com.etas.mex.common.simulink.reader.internal.dataprocessor.impl.SimulinkBlockProcessor.getReferenceSimulinkBlock(SimulinkBlockProcessor.java:189)
	at com.etas.mex.common.simulink.reader.internal.dataprocessor.impl.SimulinkBlockProcessor.getReferenceModel(SimulinkBlockProcessor.java:174)
	at com.etas.ehcb.common.internal.simulink2kaom.converters.model.SimulinkBaseConverter.setSourceSimulinkBlock(SimulinkBaseConverter.java:170)
	at com.etas.ehcb.common.internal.simulink2kaom.converters.model.SimulinkBaseConverter.createEntity(SimulinkBaseConverter.java:135)
	at com.etas.ehcb.common.internal.simulink2kaom.converters.model.SimulinkBlockConverter.createEntity(SimulinkBlockConverter.java:104)
	at com.etas.ehcb.common.internal.simulink2kaom.converters.model.NonHierarchicalBlockConverter.createEntity(NonHierarchicalBlockConverter.java:33)
	at com.etas.ehcb.common.internal.simulink2kaom.converters.model.DefaultConverter.createEntity(DefaultConverter.java:43)
	at com.etas.ehcb.common.internal.simulink2kaom.converters.SimulinkModelProcessor.createKaom(SimulinkModelProcessor.java:1035)
	at com.etas.ehcb.common.internal.simulink2kaom.converters.SimulinkModelProcessor.createKaom(SimulinkModelProcessor.java:664)
	at com.etas.ehcb.common.internal.simulink2kaom.converters.SimulinkModelProcessor.addSubBlock(SimulinkModelProcessor.java:477)
	at com.etas.ehcb.common.internal.simulink2kaom.converters.SimulinkModelProcessor.addSimulinkBlocks(SimulinkModelProcessor.java:340)
	at com.etas.ehcb.common.internal.simulink2kaom.converters.SimulinkModelProcessor.addSubBlock(SimulinkModelProcessor.java:536)
	at com.etas.ehcb.common.internal.simulink2kaom.converters.SimulinkModelProcessor.addSubBlock(SimulinkModelProcessor.java:478)
	at com.etas.ehcb.common.internal.simulink2kaom.converters.SimulinkModelProcessor.addSimulinkBlocks(SimulinkModelProcessor.java:340)
	at com.etas.ehcb.common.internal.simulink2kaom.converters.SimulinkModelProcessor.addSubBlock(SimulinkModelProcessor.java:536)
	at com.etas.ehcb.common.internal.simulink2kaom.converters.SimulinkModelProcessor.addSubBlock(SimulinkModelProcessor.java:478)
	at com.etas.ehcb.common.internal.simulink2kaom.converters.SimulinkModelProcessor.addSimulinkBlocks(SimulinkModelProcessor.java:340)
	at com.etas.ehcb.common.internal.simulink2kaom.converters.SimulinkModelProcessor.addSubBlock(SimulinkModelProcessor.java:536)
	at com.etas.ehcb.common.internal.simulink2kaom.converters.SimulinkModelProcessor.addSubBlock(SimulinkModelProcessor.java:478)
	at com.etas.ehcb.common.internal.simulink2kaom.converters.SimulinkModelProcessor.addSimulinkBlocks(SimulinkModelProcessor.java:340)
	at com.etas.ehcb.common.internal.simulink2kaom.converters.SimulinkModelProcessor.createKaomFromConverters(SimulinkModelProcessor.java:220)
	at com.etas.ehcb.common.internal.simulink2kaom.converters.SimulinkModelProcessor.convertSimulinkModel2KaomModel(SimulinkModelProcessor.java:169)
	at com.etas.ehcb.common.internal.simulink2kaom.converters.Simulink2KaomConverter.convert(Simulink2KaomConverter.java:67)
	at com.etas.ehcb.common.api.KaomFactory.getEntity(KaomFactory.java:46)
	at com.etas.graphic.generation.common.synthesis.simulink.SimulinkImageSynthesis.createKaoms(SimulinkImageSynthesis.java:106)
	at com.etas.graphic.generation.common.synthesis.simulink.SimulinkImageSynthesis.generateKaomsImages(SimulinkImageSynthesis.java:82)
	at com.etas.graphic.generation.common.api.GraphicGenerator.generateImagesKaom(GraphicGenerator.java:214)
	at java.base/java.util.Optional.ifPresent(Optional.java:183)
	at com.etas.graphic.generation.common.api.GraphicGenerator.generateImagesKaom(GraphicGenerator.java:207)
	at com.etas.graphic.generation.common.api.GraphicGenerator.lambda$4(GraphicGenerator.java:187)
	at java.base/java.util.stream.ForEachOps$ForEachOp$OfRef.accept(ForEachOps.java:183)
	at java.base/java.util.stream.ReferencePipeline$2$1.accept(ReferencePipeline.java:177)
	at java.base/java.util.stream.ReferencePipeline$3$1.accept(ReferencePipeline.java:195)
	at java.base/java.util.Iterator.forEachRemaining(Iterator.java:133)
	at java.base/java.util.Spliterators$IteratorSpliterator.forEachRemaining(Spliterators.java:1801)
	at java.base/java.util.stream.AbstractPipeline.copyInto(AbstractPipeline.java:484)
	at java.base/java.util.stream.AbstractPipeline.wrapAndCopyInto(AbstractPipeline.java:474)
	at java.base/java.util.stream.ForEachOps$ForEachOp.evaluateSequential(ForEachOps.java:150)
	at java.base/java.util.stream.ForEachOps$ForEachOp$OfRef.evaluateSequential(ForEachOps.java:173)
	at java.base/java.util.stream.AbstractPipeline.evaluate(AbstractPipeline.java:234)
	at java.base/java.util.stream.ReferencePipeline.forEach(ReferencePipeline.java:497)
	at com.etas.graphic.generation.common.api.GraphicGenerator.parseInputFile(GraphicGenerator.java:187)
	at com.etas.graphic.generation.common.api.GraphicGenerator.generate(GraphicGenerator.java:84)
	at com.etas.graphic.generation.Application.initiateGraphicGeneration(Application.java:231)
	at com.etas.graphic.generation.Application.start(Application.java:106)
	at org.eclipse.equinox.internal.app.EclipseAppHandle.run(EclipseAppHandle.java:203)
	at org.eclipse.core.runtime.internal.adaptor.EclipseAppLauncher.runApplication(EclipseAppLauncher.java:136)
	at org.eclipse.core.runtime.internal.adaptor.EclipseAppLauncher.start(EclipseAppLauncher.java:104)
	at org.eclipse.core.runtime.adaptor.EclipseStarter.run(EclipseStarter.java:401)
	at org.eclipse.core.runtime.adaptor.EclipseStarter.run(EclipseStarter.java:255)
	at java.base/jdk.internal.reflect.NativeMethodAccessorImpl.invoke0(Native Method)
	at java.base/jdk.internal.reflect.NativeMethodAccessorImpl.invoke(NativeMethodAccessorImpl.java:62)
	at java.base/jdk.internal.reflect.DelegatingMethodAccessorImpl.invoke(DelegatingMethodAccessorImpl.java:43)
	at java.base/java.lang.reflect.Method.invoke(Method.java:566)
	at org.eclipse.equinox.launcher.Main.invokeFramework(Main.java:659)
	at org.eclipse.equinox.launcher.Main.basicRun(Main.java:596)
	at org.eclipse.equinox.launcher.Main.run(Main.java:1467)
2022-04-04 20:12:06.981 [main] ERROR e.e.c.i.s.c.m.SimulinkBaseConverter - Failed to get source block : Cannot find reference simulink/Discontinuities/Saturation\nDynamic for block Actuators/Actuators_mdl/Tvc/Limiter/Saturation Dynamic [Reference, 3:1]
com.etas.mex.common.simulink.reader.datainterpreter.DataProcessorException: Cannot find reference simulink/Discontinuities/Saturation\nDynamic for block Actuators/Actuators_mdl/Tvc/Limiter/Saturation Dynamic [Reference, 3:1]
	at com.etas.mex.common.simulink.reader.internal.dataprocessor.impl.SimulinkBlockProcessor.getReferenceSimulinkBlock(SimulinkBlockProcessor.java:189)
	at com.etas.mex.common.simulink.reader.internal.dataprocessor.impl.SimulinkBlockProcessor.getReferenceModel(SimulinkBlockProcessor.java:174)
	at com.etas.ehcb.common.internal.simulink2kaom.converters.model.SimulinkBaseConverter.setSourceSimulinkBlock(SimulinkBaseConverter.java:170)
	at com.etas.ehcb.common.internal.simulink2kaom.converters.model.DefaultPortConverter.createPorts(DefaultPortConverter.java:40)
	at com.etas.ehcb.common.internal.simulink2kaom.converters.model.SimulinkBlockConverter.attachPorts(SimulinkBlockConverter.java:574)
	at com.etas.ehcb.common.internal.simulink2kaom.converters.model.DefaultConverter.createEntity(DefaultConverter.java:58)
	at com.etas.ehcb.common.internal.simulink2kaom.converters.SimulinkModelProcessor.createKaom(SimulinkModelProcessor.java:1035)
	at com.etas.ehcb.common.internal.simulink2kaom.converters.SimulinkModelProcessor.createKaom(SimulinkModelProcessor.java:664)
	at com.etas.ehcb.common.internal.simulink2kaom.converters.SimulinkModelProcessor.addSubBlock(SimulinkModelProcessor.java:477)
	at com.etas.ehcb.common.internal.simulink2kaom.converters.SimulinkModelProcessor.addSimulinkBlocks(SimulinkModelProcessor.java:340)
	at com.etas.ehcb.common.internal.simulink2kaom.converters.SimulinkModelProcessor.addSubBlock(SimulinkModelProcessor.java:536)
	at com.etas.ehcb.common.internal.simulink2kaom.converters.SimulinkModelProcessor.addSubBlock(SimulinkModelProcessor.java:478)
	at com.etas.ehcb.common.internal.simulink2kaom.converters.SimulinkModelProcessor.addSimulinkBlocks(SimulinkModelProcessor.java:340)
	at com.etas.ehcb.common.internal.simulink2kaom.converters.SimulinkModelProcessor.addSubBlock(SimulinkModelProcessor.java:536)
	at com.etas.ehcb.common.internal.simulink2kaom.converters.SimulinkModelProcessor.addSubBlock(SimulinkModelProcessor.java:478)
	at com.etas.ehcb.common.internal.simulink2kaom.converters.SimulinkModelProcessor.addSimulinkBlocks(SimulinkModelProcessor.java:340)
	at com.etas.ehcb.common.internal.simulink2kaom.converters.SimulinkModelProcessor.addSubBlock(SimulinkModelProcessor.java:536)
	at com.etas.ehcb.common.internal.simulink2kaom.converters.SimulinkModelProcessor.addSubBlock(SimulinkModelProcessor.java:478)
	at com.etas.ehcb.common.internal.simulink2kaom.converters.SimulinkModelProcessor.addSimulinkBlocks(SimulinkModelProcessor.java:340)
	at com.etas.ehcb.common.internal.simulink2kaom.converters.SimulinkModelProcessor.createKaomFromConverters(SimulinkModelProcessor.java:220)
	at com.etas.ehcb.common.internal.simulink2kaom.converters.SimulinkModelProcessor.convertSimulinkModel2KaomModel(SimulinkModelProcessor.java:169)
	at com.etas.ehcb.common.internal.simulink2kaom.converters.Simulink2KaomConverter.convert(Simulink2KaomConverter.java:67)
	at com.etas.ehcb.common.api.KaomFactory.getEntity(KaomFactory.java:46)
	at com.etas.graphic.generation.common.synthesis.simulink.SimulinkImageSynthesis.createKaoms(SimulinkImageSynthesis.java:106)
	at com.etas.graphic.generation.common.synthesis.simulink.SimulinkImageSynthesis.generateKaomsImages(SimulinkImageSynthesis.java:82)
	at com.etas.graphic.generation.common.api.GraphicGenerator.generateImagesKaom(GraphicGenerator.java:214)
	at java.base/java.util.Optional.ifPresent(Optional.java:183)
	at com.etas.graphic.generation.common.api.GraphicGenerator.generateImagesKaom(GraphicGenerator.java:207)
	at com.etas.graphic.generation.common.api.GraphicGenerator.lambda$4(GraphicGenerator.java:187)
	at java.base/java.util.stream.ForEachOps$ForEachOp$OfRef.accept(ForEachOps.java:183)
	at java.base/java.util.stream.ReferencePipeline$2$1.accept(ReferencePipeline.java:177)
	at java.base/java.util.stream.ReferencePipeline$3$1.accept(ReferencePipeline.java:195)
	at java.base/java.util.Iterator.forEachRemaining(Iterator.java:133)
	at java.base/java.util.Spliterators$IteratorSpliterator.forEachRemaining(Spliterators.java:1801)
	at java.base/java.util.stream.AbstractPipeline.copyInto(AbstractPipeline.java:484)
	at java.base/java.util.stream.AbstractPipeline.wrapAndCopyInto(AbstractPipeline.java:474)
	at java.base/java.util.stream.ForEachOps$ForEachOp.evaluateSequential(ForEachOps.java:150)
	at java.base/java.util.stream.ForEachOps$ForEachOp$OfRef.evaluateSequential(ForEachOps.java:173)
	at java.base/java.util.stream.AbstractPipeline.evaluate(AbstractPipeline.java:234)
	at java.base/java.util.stream.ReferencePipeline.forEach(ReferencePipeline.java:497)
	at com.etas.graphic.generation.common.api.GraphicGenerator.parseInputFile(GraphicGenerator.java:187)
	at com.etas.graphic.generation.common.api.GraphicGenerator.generate(GraphicGenerator.java:84)
	at com.etas.graphic.generation.Application.initiateGraphicGeneration(Application.java:231)
	at com.etas.graphic.generation.Application.start(Application.java:106)
	at org.eclipse.equinox.internal.app.EclipseAppHandle.run(EclipseAppHandle.java:203)
	at org.eclipse.core.runtime.internal.adaptor.EclipseAppLauncher.runApplication(EclipseAppLauncher.java:136)
	at org.eclipse.core.runtime.internal.adaptor.EclipseAppLauncher.start(EclipseAppLauncher.java:104)
	at org.eclipse.core.runtime.adaptor.EclipseStarter.run(EclipseStarter.java:401)
	at org.eclipse.core.runtime.adaptor.EclipseStarter.run(EclipseStarter.java:255)
	at java.base/jdk.internal.reflect.NativeMethodAccessorImpl.invoke0(Native Method)
	at java.base/jdk.internal.reflect.NativeMethodAccessorImpl.invoke(NativeMethodAccessorImpl.java:62)
	at java.base/jdk.internal.reflect.DelegatingMethodAccessorImpl.invoke(DelegatingMethodAccessorImpl.java:43)
	at java.base/java.lang.reflect.Method.invoke(Method.java:566)
	at org.eclipse.equinox.launcher.Main.invokeFramework(Main.java:659)
	at org.eclipse.equinox.launcher.Main.basicRun(Main.java:596)
	at org.eclipse.equinox.launcher.Main.run(Main.java:1467)
2022-04-04 20:12:07.074 [main] INFO  c.e.m.c.k.i.g.KlighdSvgGenerator    - SVG image generated by Klighd: C:\eHandbook\Container\FlexECUDemo\Demos\Demo_UGG\.\Output_ugg\ImageGeneratorFolder\Simulink\Actuators\DEFAULT\images\S_aab532.svg
2022-04-04 20:12:07.333 [main] INFO  c.e.m.c.k.i.g.KlighdSvgGenerator    - SVG image generated by Klighd: C:\eHandbook\Container\FlexECUDemo\Demos\Demo_UGG\.\Output_ugg\ImageGeneratorFolder\Simulink\Actuators\DEFAULT\images\S_aab57.svg
2022-04-04 20:12:07.536 [main] INFO  c.e.m.c.k.i.g.KlighdSvgGenerator    - SVG image generated by Klighd: C:\eHandbook\Container\FlexECUDemo\Demos\Demo_UGG\.\Output_ugg\ImageGeneratorFolder\Simulink\Actuators\DEFAULT\images\S_aab574.svg
2022-04-04 20:12:07.667 [main] INFO  c.e.m.c.k.i.g.KlighdSvgGenerator    - SVG image generated by Klighd: C:\eHandbook\Container\FlexECUDemo\Demos\Demo_UGG\.\Output_ugg\ImageGeneratorFolder\Simulink\Actuators\DEFAULT\images\S_aab649.svg
2022-04-04 20:12:07.868 [main] INFO  c.e.m.c.k.i.g.KlighdSvgGenerator    - SVG image generated by Klighd: C:\eHandbook\Container\FlexECUDemo\Demos\Demo_UGG\.\Output_ugg\ImageGeneratorFolder\Simulink\Actuators\DEFAULT\images\S_aab557.svg
2022-04-04 20:12:07.956 [main] INFO  c.e.m.c.k.i.g.KlighdSvgGenerator    - SVG image generated by Klighd: C:\eHandbook\Container\FlexECUDemo\Demos\Demo_UGG\.\Output_ugg\ImageGeneratorFolder\Simulink\Actuators\DEFAULT\images\S_aab675.svg
2022-04-04 20:12:08.056 [main] INFO  c.e.m.c.k.i.g.KlighdSvgGenerator    - SVG image generated by Klighd: C:\eHandbook\Container\FlexECUDemo\Demos\Demo_UGG\.\Output_ugg\ImageGeneratorFolder\Simulink\Actuators\DEFAULT\images\S_aab687.svg
2022-04-04 20:12:08.176 [main] INFO  c.e.m.c.k.i.g.KlighdSvgGenerator    - SVG image generated by Klighd: C:\eHandbook\Container\FlexECUDemo\Demos\Demo_UGG\.\Output_ugg\ImageGeneratorFolder\Simulink\Actuators\DEFAULT\images\S_aab697.svg
2022-04-04 20:12:08.407 [main] INFO  c.e.m.c.k.i.g.KlighdSvgGenerator    - SVG image generated by Klighd: C:\eHandbook\Container\FlexECUDemo\Demos\Demo_UGG\.\Output_ugg\ImageGeneratorFolder\Simulink\Actuators\DEFAULT\images\S_aab669.svg
2022-04-04 20:12:08.539 [main] INFO  c.e.m.c.k.i.g.KlighdSvgGenerator    - SVG image generated by Klighd: C:\eHandbook\Container\FlexECUDemo\Demos\Demo_UGG\.\Output_ugg\ImageGeneratorFolder\Simulink\Actuators\DEFAULT\images\S_aab782.svg
2022-04-04 20:12:08.634 [main] INFO  c.e.m.c.k.i.g.KlighdSvgGenerator    - SVG image generated by Klighd: C:\eHandbook\Container\FlexECUDemo\Demos\Demo_UGG\.\Output_ugg\ImageGeneratorFolder\Simulink\Actuators\DEFAULT\images\S_aab800.svg
2022-04-04 20:12:08.818 [main] INFO  c.e.m.c.k.i.g.KlighdSvgGenerator    - SVG image generated by Klighd: C:\eHandbook\Container\FlexECUDemo\Demos\Demo_UGG\.\Output_ugg\ImageGeneratorFolder\Simulink\Actuators\DEFAULT\images\S_aab760.svg
2022-04-04 20:12:08.937 [main] INFO  c.e.m.c.k.i.g.KlighdSvgGenerator    - SVG image generated by Klighd: C:\eHandbook\Container\FlexECUDemo\Demos\Demo_UGG\.\Output_ugg\ImageGeneratorFolder\Simulink\Actuators\DEFAULT\images\S_aab861.svg
2022-04-04 20:12:09.012 [main] INFO  c.e.m.c.k.i.g.KlighdSvgGenerator    - SVG image generated by Klighd: C:\eHandbook\Container\FlexECUDemo\Demos\Demo_UGG\.\Output_ugg\ImageGeneratorFolder\Simulink\Actuators\DEFAULT\images\S_aab879.svg
2022-04-04 20:12:09.197 [main] INFO  c.e.m.c.k.i.g.KlighdSvgGenerator    - SVG image generated by Klighd: C:\eHandbook\Container\FlexECUDemo\Demos\Demo_UGG\.\Output_ugg\ImageGeneratorFolder\Simulink\Actuators\DEFAULT\images\S_aab839.svg
2022-04-04 20:12:09.318 [main] INFO  c.e.m.c.k.i.g.KlighdSvgGenerator    - SVG image generated by Klighd: C:\eHandbook\Container\FlexECUDemo\Demos\Demo_UGG\.\Output_ugg\ImageGeneratorFolder\Simulink\Actuators\DEFAULT\images\S_aab937.svg
2022-04-04 20:12:09.396 [main] INFO  c.e.m.c.k.i.g.KlighdSvgGenerator    - SVG image generated by Klighd: C:\eHandbook\Container\FlexECUDemo\Demos\Demo_UGG\.\Output_ugg\ImageGeneratorFolder\Simulink\Actuators\DEFAULT\images\S_aab955.svg
2022-04-04 20:12:09.579 [main] INFO  c.e.m.c.k.i.g.KlighdSvgGenerator    - SVG image generated by Klighd: C:\eHandbook\Container\FlexECUDemo\Demos\Demo_UGG\.\Output_ugg\ImageGeneratorFolder\Simulink\Actuators\DEFAULT\images\S_aab915.svg
2022-04-04 20:12:09.955 [main] INFO  c.e.m.c.k.i.g.KlighdSvgGenerator    - SVG image generated by Klighd: C:\eHandbook\Container\FlexECUDemo\Demos\Demo_UGG\.\Output_ugg\ImageGeneratorFolder\Simulink\Actuators\DEFAULT\images\S_aab1007.svg
2022-04-04 20:12:10.309 [main] INFO  c.e.m.c.k.i.g.KlighdSvgGenerator    - SVG image generated by Klighd: C:\eHandbook\Container\FlexECUDemo\Demos\Demo_UGG\.\Output_ugg\ImageGeneratorFolder\Simulink\Actuators\DEFAULT\images\S_aab1205.svg
2022-04-04 20:12:10.639 [main] INFO  c.e.m.c.k.i.g.KlighdSvgGenerator    - SVG image generated by Klighd: C:\eHandbook\Container\FlexECUDemo\Demos\Demo_UGG\.\Output_ugg\ImageGeneratorFolder\Simulink\Actuators\DEFAULT\images\S_aab1371.svg
2022-04-04 20:12:10.990 [main] INFO  c.e.m.c.k.i.g.KlighdSvgGenerator    - SVG image generated by Klighd: C:\eHandbook\Container\FlexECUDemo\Demos\Demo_UGG\.\Output_ugg\ImageGeneratorFolder\Simulink\Actuators\DEFAULT\images\S_aab1537.svg
2022-04-04 20:12:11.327 [main] INFO  c.e.m.c.k.i.g.KlighdSvgGenerator    - SVG image generated by Klighd: C:\eHandbook\Container\FlexECUDemo\Demos\Demo_UGG\.\Output_ugg\ImageGeneratorFolder\Simulink\Actuators\DEFAULT\images\S_aab1703.svg
2022-04-04 20:12:11.634 [main] INFO  c.e.m.c.k.i.g.KlighdSvgGenerator    - SVG image generated by Klighd: C:\eHandbook\Container\FlexECUDemo\Demos\Demo_UGG\.\Output_ugg\ImageGeneratorFolder\Simulink\Actuators\DEFAULT\images\S_aab1869.svg
2022-04-04 20:12:12.006 [main] INFO  c.e.m.c.k.i.g.KlighdSvgGenerator    - SVG image generated by Klighd: C:\eHandbook\Container\FlexECUDemo\Demos\Demo_UGG\.\Output_ugg\ImageGeneratorFolder\Simulink\Actuators\DEFAULT\images\S_aab2040.svg
2022-04-04 20:12:12.385 [main] INFO  c.e.m.c.k.i.g.KlighdSvgGenerator    - SVG image generated by Klighd: C:\eHandbook\Container\FlexECUDemo\Demos\Demo_UGG\.\Output_ugg\ImageGeneratorFolder\Simulink\Actuators\DEFAULT\images\S_aab2206.svg
2022-04-04 20:12:12.756 [main] INFO  c.e.m.c.k.i.g.KlighdSvgGenerator    - SVG image generated by Klighd: C:\eHandbook\Container\FlexECUDemo\Demos\Demo_UGG\.\Output_ugg\ImageGeneratorFolder\Simulink\Actuators\DEFAULT\images\S_aab2377.svg
2022-04-04 20:12:13.136 [main] INFO  c.e.m.c.k.i.g.KlighdSvgGenerator    - SVG image generated by Klighd: C:\eHandbook\Container\FlexECUDemo\Demos\Demo_UGG\.\Output_ugg\ImageGeneratorFolder\Simulink\Actuators\DEFAULT\images\S_aab2543.svg
2022-04-04 20:12:13.262 [main] INFO  c.e.m.c.k.i.g.KlighdSvgGenerator    - SVG image generated by Klighd: C:\eHandbook\Container\FlexECUDemo\Demos\Demo_UGG\.\Output_ugg\ImageGeneratorFolder\Simulink\Actuators\DEFAULT\images\S_aab994.svg
2022-04-04 20:12:13.352 [main] INFO  c.e.m.c.k.i.g.KlighdSvgGenerator    - SVG image generated by Klighd: C:\eHandbook\Container\FlexECUDemo\Demos\Demo_UGG\.\Output_ugg\ImageGeneratorFolder\Simulink\Actuators\DEFAULT\images\S_aab2729.svg
2022-04-04 20:12:13.742 [main] INFO  c.e.m.c.k.i.g.KlighdSvgGenerator    - SVG image generated by Klighd: C:\eHandbook\Container\FlexECUDemo\Demos\Demo_UGG\.\Output_ugg\ImageGeneratorFolder\Simulink\Actuators\DEFAULT\images\S_aab2835.svg
2022-04-04 20:12:13.763 [main] ERROR c.e.e.c.i.s.c.m.ReferenceConverter  - Cannot retrieve actual type for Simulink block Actuators/Actuators_mdl/Icc/EdgeRising/Detect\nIncrease [Reference, 1:1].
com.etas.mex.common.simulink.reader.datainterpreter.DataProcessorException: Cannot find reference simulink/Logic and Bit\nOperations/Detect\nIncrease for block Actuators/Actuators_mdl/Icc/EdgeRising/Detect\nIncrease [Reference, 1:1]
	at com.etas.mex.common.simulink.reader.internal.dataprocessor.impl.SimulinkBlockProcessor.getReferenceSimulinkBlock(SimulinkBlockProcessor.java:189)
	at com.etas.mex.common.simulink.reader.internal.dataprocessor.impl.SimulinkBlockProcessor.getReferenceModel(SimulinkBlockProcessor.java:174)
	at com.etas.ehcb.common.internal.simulink2kaom.converters.model.ReferenceConverter.getActualType(ReferenceConverter.java:41)
	at com.etas.ehcb.common.internal.simulink2kaom.converters.SimulinkModelProcessor.createKaom(SimulinkModelProcessor.java:1022)
	at com.etas.ehcb.common.internal.simulink2kaom.converters.SimulinkModelProcessor.createKaom(SimulinkModelProcessor.java:664)
	at com.etas.ehcb.common.internal.simulink2kaom.converters.SimulinkModelProcessor.addSubBlock(SimulinkModelProcessor.java:477)
	at com.etas.ehcb.common.internal.simulink2kaom.converters.SimulinkModelProcessor.addSimulinkBlocks(SimulinkModelProcessor.java:340)
	at com.etas.ehcb.common.internal.simulink2kaom.converters.SimulinkModelProcessor.addSubBlock(SimulinkModelProcessor.java:536)
	at com.etas.ehcb.common.internal.simulink2kaom.converters.SimulinkModelProcessor.addSubBlock(SimulinkModelProcessor.java:478)
	at com.etas.ehcb.common.internal.simulink2kaom.converters.SimulinkModelProcessor.addSimulinkBlocks(SimulinkModelProcessor.java:340)
	at com.etas.ehcb.common.internal.simulink2kaom.converters.SimulinkModelProcessor.addSubBlock(SimulinkModelProcessor.java:536)
	at com.etas.ehcb.common.internal.simulink2kaom.converters.SimulinkModelProcessor.addSubBlock(SimulinkModelProcessor.java:478)
	at com.etas.ehcb.common.internal.simulink2kaom.converters.SimulinkModelProcessor.addSimulinkBlocks(SimulinkModelProcessor.java:340)
	at com.etas.ehcb.common.internal.simulink2kaom.converters.SimulinkModelProcessor.addSubBlock(SimulinkModelProcessor.java:536)
	at com.etas.ehcb.common.internal.simulink2kaom.converters.SimulinkModelProcessor.addSubBlock(SimulinkModelProcessor.java:478)
	at com.etas.ehcb.common.internal.simulink2kaom.converters.SimulinkModelProcessor.addSimulinkBlocks(SimulinkModelProcessor.java:340)
	at com.etas.ehcb.common.internal.simulink2kaom.converters.SimulinkModelProcessor.createKaomFromConverters(SimulinkModelProcessor.java:220)
	at com.etas.ehcb.common.internal.simulink2kaom.converters.SimulinkModelProcessor.convertSimulinkModel2KaomModel(SimulinkModelProcessor.java:169)
	at com.etas.ehcb.common.internal.simulink2kaom.converters.Simulink2KaomConverter.convert(Simulink2KaomConverter.java:67)
	at com.etas.ehcb.common.api.KaomFactory.getEntity(KaomFactory.java:46)
	at com.etas.graphic.generation.common.synthesis.simulink.SimulinkImageSynthesis.createKaoms(SimulinkImageSynthesis.java:106)
	at com.etas.graphic.generation.common.synthesis.simulink.SimulinkImageSynthesis.generateKaomsImages(SimulinkImageSynthesis.java:82)
	at com.etas.graphic.generation.common.api.GraphicGenerator.generateImagesKaom(GraphicGenerator.java:214)
	at java.base/java.util.Optional.ifPresent(Optional.java:183)
	at com.etas.graphic.generation.common.api.GraphicGenerator.generateImagesKaom(GraphicGenerator.java:207)
	at com.etas.graphic.generation.common.api.GraphicGenerator.lambda$4(GraphicGenerator.java:187)
	at java.base/java.util.stream.ForEachOps$ForEachOp$OfRef.accept(ForEachOps.java:183)
	at java.base/java.util.stream.ReferencePipeline$2$1.accept(ReferencePipeline.java:177)
	at java.base/java.util.stream.ReferencePipeline$3$1.accept(ReferencePipeline.java:195)
	at java.base/java.util.Iterator.forEachRemaining(Iterator.java:133)
	at java.base/java.util.Spliterators$IteratorSpliterator.forEachRemaining(Spliterators.java:1801)
	at java.base/java.util.stream.AbstractPipeline.copyInto(AbstractPipeline.java:484)
	at java.base/java.util.stream.AbstractPipeline.wrapAndCopyInto(AbstractPipeline.java:474)
	at java.base/java.util.stream.ForEachOps$ForEachOp.evaluateSequential(ForEachOps.java:150)
	at java.base/java.util.stream.ForEachOps$ForEachOp$OfRef.evaluateSequential(ForEachOps.java:173)
	at java.base/java.util.stream.AbstractPipeline.evaluate(AbstractPipeline.java:234)
	at java.base/java.util.stream.ReferencePipeline.forEach(ReferencePipeline.java:497)
	at com.etas.graphic.generation.common.api.GraphicGenerator.parseInputFile(GraphicGenerator.java:187)
	at com.etas.graphic.generation.common.api.GraphicGenerator.generate(GraphicGenerator.java:84)
	at com.etas.graphic.generation.Application.initiateGraphicGeneration(Application.java:231)
	at com.etas.graphic.generation.Application.start(Application.java:106)
	at org.eclipse.equinox.internal.app.EclipseAppHandle.run(EclipseAppHandle.java:203)
	at org.eclipse.core.runtime.internal.adaptor.EclipseAppLauncher.runApplication(EclipseAppLauncher.java:136)
	at org.eclipse.core.runtime.internal.adaptor.EclipseAppLauncher.start(EclipseAppLauncher.java:104)
	at org.eclipse.core.runtime.adaptor.EclipseStarter.run(EclipseStarter.java:401)
	at org.eclipse.core.runtime.adaptor.EclipseStarter.run(EclipseStarter.java:255)
	at java.base/jdk.internal.reflect.NativeMethodAccessorImpl.invoke0(Native Method)
	at java.base/jdk.internal.reflect.NativeMethodAccessorImpl.invoke(NativeMethodAccessorImpl.java:62)
	at java.base/jdk.internal.reflect.DelegatingMethodAccessorImpl.invoke(DelegatingMethodAccessorImpl.java:43)
	at java.base/java.lang.reflect.Method.invoke(Method.java:566)
	at org.eclipse.equinox.launcher.Main.invokeFramework(Main.java:659)
	at org.eclipse.equinox.launcher.Main.basicRun(Main.java:596)
	at org.eclipse.equinox.launcher.Main.run(Main.java:1467)
2022-04-04 20:12:13.764 [main] ERROR e.e.c.i.s.c.m.SimulinkBaseConverter - Failed to get source block : Cannot find reference simulink/Logic and Bit\nOperations/Detect\nIncrease for block Actuators/Actuators_mdl/Icc/EdgeRising/Detect\nIncrease [Reference, 1:1]
com.etas.mex.common.simulink.reader.datainterpreter.DataProcessorException: Cannot find reference simulink/Logic and Bit\nOperations/Detect\nIncrease for block Actuators/Actuators_mdl/Icc/EdgeRising/Detect\nIncrease [Reference, 1:1]
	at com.etas.mex.common.simulink.reader.internal.dataprocessor.impl.SimulinkBlockProcessor.getReferenceSimulinkBlock(SimulinkBlockProcessor.java:189)
	at com.etas.mex.common.simulink.reader.internal.dataprocessor.impl.SimulinkBlockProcessor.getReferenceModel(SimulinkBlockProcessor.java:174)
	at com.etas.ehcb.common.internal.simulink2kaom.converters.model.SimulinkBaseConverter.setSourceSimulinkBlock(SimulinkBaseConverter.java:170)
	at com.etas.ehcb.common.internal.simulink2kaom.converters.model.SimulinkBaseConverter.createEntity(SimulinkBaseConverter.java:135)
	at com.etas.ehcb.common.internal.simulink2kaom.converters.model.SimulinkBlockConverter.createEntity(SimulinkBlockConverter.java:104)
	at com.etas.ehcb.common.internal.simulink2kaom.converters.model.NonHierarchicalBlockConverter.createEntity(NonHierarchicalBlockConverter.java:33)
	at com.etas.ehcb.common.internal.simulink2kaom.converters.model.DefaultConverter.createEntity(DefaultConverter.java:43)
	at com.etas.ehcb.common.internal.simulink2kaom.converters.SimulinkModelProcessor.createKaom(SimulinkModelProcessor.java:1035)
	at com.etas.ehcb.common.internal.simulink2kaom.converters.SimulinkModelProcessor.createKaom(SimulinkModelProcessor.java:664)
	at com.etas.ehcb.common.internal.simulink2kaom.converters.SimulinkModelProcessor.addSubBlock(SimulinkModelProcessor.java:477)
	at com.etas.ehcb.common.internal.simulink2kaom.converters.SimulinkModelProcessor.addSimulinkBlocks(SimulinkModelProcessor.java:340)
	at com.etas.ehcb.common.internal.simulink2kaom.converters.SimulinkModelProcessor.addSubBlock(SimulinkModelProcessor.java:536)
	at com.etas.ehcb.common.internal.simulink2kaom.converters.SimulinkModelProcessor.addSubBlock(SimulinkModelProcessor.java:478)
	at com.etas.ehcb.common.internal.simulink2kaom.converters.SimulinkModelProcessor.addSimulinkBlocks(SimulinkModelProcessor.java:340)
	at com.etas.ehcb.common.internal.simulink2kaom.converters.SimulinkModelProcessor.addSubBlock(SimulinkModelProcessor.java:536)
	at com.etas.ehcb.common.internal.simulink2kaom.converters.SimulinkModelProcessor.addSubBlock(SimulinkModelProcessor.java:478)
	at com.etas.ehcb.common.internal.simulink2kaom.converters.SimulinkModelProcessor.addSimulinkBlocks(SimulinkModelProcessor.java:340)
	at com.etas.ehcb.common.internal.simulink2kaom.converters.SimulinkModelProcessor.addSubBlock(SimulinkModelProcessor.java:536)
	at com.etas.ehcb.common.internal.simulink2kaom.converters.SimulinkModelProcessor.addSubBlock(SimulinkModelProcessor.java:478)
	at com.etas.ehcb.common.internal.simulink2kaom.converters.SimulinkModelProcessor.addSimulinkBlocks(SimulinkModelProcessor.java:340)
	at com.etas.ehcb.common.internal.simulink2kaom.converters.SimulinkModelProcessor.createKaomFromConverters(SimulinkModelProcessor.java:220)
	at com.etas.ehcb.common.internal.simulink2kaom.converters.SimulinkModelProcessor.convertSimulinkModel2KaomModel(SimulinkModelProcessor.java:169)
	at com.etas.ehcb.common.internal.simulink2kaom.converters.Simulink2KaomConverter.convert(Simulink2KaomConverter.java:67)
	at com.etas.ehcb.common.api.KaomFactory.getEntity(KaomFactory.java:46)
	at com.etas.graphic.generation.common.synthesis.simulink.SimulinkImageSynthesis.createKaoms(SimulinkImageSynthesis.java:106)
	at com.etas.graphic.generation.common.synthesis.simulink.SimulinkImageSynthesis.generateKaomsImages(SimulinkImageSynthesis.java:82)
	at com.etas.graphic.generation.common.api.GraphicGenerator.generateImagesKaom(GraphicGenerator.java:214)
	at java.base/java.util.Optional.ifPresent(Optional.java:183)
	at com.etas.graphic.generation.common.api.GraphicGenerator.generateImagesKaom(GraphicGenerator.java:207)
	at com.etas.graphic.generation.common.api.GraphicGenerator.lambda$4(GraphicGenerator.java:187)
	at java.base/java.util.stream.ForEachOps$ForEachOp$OfRef.accept(ForEachOps.java:183)
	at java.base/java.util.stream.ReferencePipeline$2$1.accept(ReferencePipeline.java:177)
	at java.base/java.util.stream.ReferencePipeline$3$1.accept(ReferencePipeline.java:195)
	at java.base/java.util.Iterator.forEachRemaining(Iterator.java:133)
	at java.base/java.util.Spliterators$IteratorSpliterator.forEachRemaining(Spliterators.java:1801)
	at java.base/java.util.stream.AbstractPipeline.copyInto(AbstractPipeline.java:484)
	at java.base/java.util.stream.AbstractPipeline.wrapAndCopyInto(AbstractPipeline.java:474)
	at java.base/java.util.stream.ForEachOps$ForEachOp.evaluateSequential(ForEachOps.java:150)
	at java.base/java.util.stream.ForEachOps$ForEachOp$OfRef.evaluateSequential(ForEachOps.java:173)
	at java.base/java.util.stream.AbstractPipeline.evaluate(AbstractPipeline.java:234)
	at java.base/java.util.stream.ReferencePipeline.forEach(ReferencePipeline.java:497)
	at com.etas.graphic.generation.common.api.GraphicGenerator.parseInputFile(GraphicGenerator.java:187)
	at com.etas.graphic.generation.common.api.GraphicGenerator.generate(GraphicGenerator.java:84)
	at com.etas.graphic.generation.Application.initiateGraphicGeneration(Application.java:231)
	at com.etas.graphic.generation.Application.start(Application.java:106)
	at org.eclipse.equinox.internal.app.EclipseAppHandle.run(EclipseAppHandle.java:203)
	at org.eclipse.core.runtime.internal.adaptor.EclipseAppLauncher.runApplication(EclipseAppLauncher.java:136)
	at org.eclipse.core.runtime.internal.adaptor.EclipseAppLauncher.start(EclipseAppLauncher.java:104)
	at org.eclipse.core.runtime.adaptor.EclipseStarter.run(EclipseStarter.java:401)
	at org.eclipse.core.runtime.adaptor.EclipseStarter.run(EclipseStarter.java:255)
	at java.base/jdk.internal.reflect.NativeMethodAccessorImpl.invoke0(Native Method)
	at java.base/jdk.internal.reflect.NativeMethodAccessorImpl.invoke(NativeMethodAccessorImpl.java:62)
	at java.base/jdk.internal.reflect.DelegatingMethodAccessorImpl.invoke(DelegatingMethodAccessorImpl.java:43)
	at java.base/java.lang.reflect.Method.invoke(Method.java:566)
	at org.eclipse.equinox.launcher.Main.invokeFramework(Main.java:659)
	at org.eclipse.equinox.launcher.Main.basicRun(Main.java:596)
	at org.eclipse.equinox.launcher.Main.run(Main.java:1467)
2022-04-04 20:12:13.783 [main] ERROR e.e.c.i.s.c.m.SimulinkBaseConverter - Failed to get source block : Cannot find reference simulink/Logic and Bit\nOperations/Detect\nIncrease for block Actuators/Actuators_mdl/Icc/EdgeRising/Detect\nIncrease [Reference, 1:1]
com.etas.mex.common.simulink.reader.datainterpreter.DataProcessorException: Cannot find reference simulink/Logic and Bit\nOperations/Detect\nIncrease for block Actuators/Actuators_mdl/Icc/EdgeRising/Detect\nIncrease [Reference, 1:1]
	at com.etas.mex.common.simulink.reader.internal.dataprocessor.impl.SimulinkBlockProcessor.getReferenceSimulinkBlock(SimulinkBlockProcessor.java:189)
	at com.etas.mex.common.simulink.reader.internal.dataprocessor.impl.SimulinkBlockProcessor.getReferenceModel(SimulinkBlockProcessor.java:174)
	at com.etas.ehcb.common.internal.simulink2kaom.converters.model.SimulinkBaseConverter.setSourceSimulinkBlock(SimulinkBaseConverter.java:170)
	at com.etas.ehcb.common.internal.simulink2kaom.converters.model.DefaultPortConverter.createPorts(DefaultPortConverter.java:40)
	at com.etas.ehcb.common.internal.simulink2kaom.converters.model.SimulinkBlockConverter.attachPorts(SimulinkBlockConverter.java:574)
	at com.etas.ehcb.common.internal.simulink2kaom.converters.model.DefaultConverter.createEntity(DefaultConverter.java:58)
	at com.etas.ehcb.common.internal.simulink2kaom.converters.SimulinkModelProcessor.createKaom(SimulinkModelProcessor.java:1035)
	at com.etas.ehcb.common.internal.simulink2kaom.converters.SimulinkModelProcessor.createKaom(SimulinkModelProcessor.java:664)
	at com.etas.ehcb.common.internal.simulink2kaom.converters.SimulinkModelProcessor.addSubBlock(SimulinkModelProcessor.java:477)
	at com.etas.ehcb.common.internal.simulink2kaom.converters.SimulinkModelProcessor.addSimulinkBlocks(SimulinkModelProcessor.java:340)
	at com.etas.ehcb.common.internal.simulink2kaom.converters.SimulinkModelProcessor.addSubBlock(SimulinkModelProcessor.java:536)
	at com.etas.ehcb.common.internal.simulink2kaom.converters.SimulinkModelProcessor.addSubBlock(SimulinkModelProcessor.java:478)
	at com.etas.ehcb.common.internal.simulink2kaom.converters.SimulinkModelProcessor.addSimulinkBlocks(SimulinkModelProcessor.java:340)
	at com.etas.ehcb.common.internal.simulink2kaom.converters.SimulinkModelProcessor.addSubBlock(SimulinkModelProcessor.java:536)
	at com.etas.ehcb.common.internal.simulink2kaom.converters.SimulinkModelProcessor.addSubBlock(SimulinkModelProcessor.java:478)
	at com.etas.ehcb.common.internal.simulink2kaom.converters.SimulinkModelProcessor.addSimulinkBlocks(SimulinkModelProcessor.java:340)
	at com.etas.ehcb.common.internal.simulink2kaom.converters.SimulinkModelProcessor.addSubBlock(SimulinkModelProcessor.java:536)
	at com.etas.ehcb.common.internal.simulink2kaom.converters.SimulinkModelProcessor.addSubBlock(SimulinkModelProcessor.java:478)
	at com.etas.ehcb.common.internal.simulink2kaom.converters.SimulinkModelProcessor.addSimulinkBlocks(SimulinkModelProcessor.java:340)
	at com.etas.ehcb.common.internal.simulink2kaom.converters.SimulinkModelProcessor.createKaomFromConverters(SimulinkModelProcessor.java:220)
	at com.etas.ehcb.common.internal.simulink2kaom.converters.SimulinkModelProcessor.convertSimulinkModel2KaomModel(SimulinkModelProcessor.java:169)
	at com.etas.ehcb.common.internal.simulink2kaom.converters.Simulink2KaomConverter.convert(Simulink2KaomConverter.java:67)
	at com.etas.ehcb.common.api.KaomFactory.getEntity(KaomFactory.java:46)
	at com.etas.graphic.generation.common.synthesis.simulink.SimulinkImageSynthesis.createKaoms(SimulinkImageSynthesis.java:106)
	at com.etas.graphic.generation.common.synthesis.simulink.SimulinkImageSynthesis.generateKaomsImages(SimulinkImageSynthesis.java:82)
	at com.etas.graphic.generation.common.api.GraphicGenerator.generateImagesKaom(GraphicGenerator.java:214)
	at java.base/java.util.Optional.ifPresent(Optional.java:183)
	at com.etas.graphic.generation.common.api.GraphicGenerator.generateImagesKaom(GraphicGenerator.java:207)
	at com.etas.graphic.generation.common.api.GraphicGenerator.lambda$4(GraphicGenerator.java:187)
	at java.base/java.util.stream.ForEachOps$ForEachOp$OfRef.accept(ForEachOps.java:183)
	at java.base/java.util.stream.ReferencePipeline$2$1.accept(ReferencePipeline.java:177)
	at java.base/java.util.stream.ReferencePipeline$3$1.accept(ReferencePipeline.java:195)
	at java.base/java.util.Iterator.forEachRemaining(Iterator.java:133)
	at java.base/java.util.Spliterators$IteratorSpliterator.forEachRemaining(Spliterators.java:1801)
	at java.base/java.util.stream.AbstractPipeline.copyInto(AbstractPipeline.java:484)
	at java.base/java.util.stream.AbstractPipeline.wrapAndCopyInto(AbstractPipeline.java:474)
	at java.base/java.util.stream.ForEachOps$ForEachOp.evaluateSequential(ForEachOps.java:150)
	at java.base/java.util.stream.ForEachOps$ForEachOp$OfRef.evaluateSequential(ForEachOps.java:173)
	at java.base/java.util.stream.AbstractPipeline.evaluate(AbstractPipeline.java:234)
	at java.base/java.util.stream.ReferencePipeline.forEach(ReferencePipeline.java:497)
	at com.etas.graphic.generation.common.api.GraphicGenerator.parseInputFile(GraphicGenerator.java:187)
	at com.etas.graphic.generation.common.api.GraphicGenerator.generate(GraphicGenerator.java:84)
	at com.etas.graphic.generation.Application.initiateGraphicGeneration(Application.java:231)
	at com.etas.graphic.generation.Application.start(Application.java:106)
	at org.eclipse.equinox.internal.app.EclipseAppHandle.run(EclipseAppHandle.java:203)
	at org.eclipse.core.runtime.internal.adaptor.EclipseAppLauncher.runApplication(EclipseAppLauncher.java:136)
	at org.eclipse.core.runtime.internal.adaptor.EclipseAppLauncher.start(EclipseAppLauncher.java:104)
	at org.eclipse.core.runtime.adaptor.EclipseStarter.run(EclipseStarter.java:401)
	at org.eclipse.core.runtime.adaptor.EclipseStarter.run(EclipseStarter.java:255)
	at java.base/jdk.internal.reflect.NativeMethodAccessorImpl.invoke0(Native Method)
	at java.base/jdk.internal.reflect.NativeMethodAccessorImpl.invoke(NativeMethodAccessorImpl.java:62)
	at java.base/jdk.internal.reflect.DelegatingMethodAccessorImpl.invoke(DelegatingMethodAccessorImpl.java:43)
	at java.base/java.lang.reflect.Method.invoke(Method.java:566)
	at org.eclipse.equinox.launcher.Main.invokeFramework(Main.java:659)
	at org.eclipse.equinox.launcher.Main.basicRun(Main.java:596)
	at org.eclipse.equinox.launcher.Main.run(Main.java:1467)
2022-04-04 20:12:13.818 [main] INFO  c.e.m.c.k.i.g.KlighdSvgGenerator    - SVG image generated by Klighd: C:\eHandbook\Container\FlexECUDemo\Demos\Demo_UGG\.\Output_ugg\ImageGeneratorFolder\Simulink\Actuators\DEFAULT\images\S_aab2958.svg
2022-04-04 20:12:13.986 [main] INFO  c.e.m.c.k.i.g.KlighdSvgGenerator    - SVG image generated by Klighd: C:\eHandbook\Container\FlexECUDemo\Demos\Demo_UGG\.\Output_ugg\ImageGeneratorFolder\Simulink\Actuators\DEFAULT\images\S_aab2970.svg
2022-04-04 20:12:14.059 [main] ERROR c.e.e.c.i.s.c.m.ReferenceConverter  - Cannot retrieve actual type for Simulink block Actuators/Actuators_mdl/Icc/EdgeFalling/Detect\nDecrease [Reference, 1:1].
com.etas.mex.common.simulink.reader.datainterpreter.DataProcessorException: Cannot find reference simulink/Logic and Bit\nOperations/Detect\nDecrease for block Actuators/Actuators_mdl/Icc/EdgeFalling/Detect\nDecrease [Reference, 1:1]
	at com.etas.mex.common.simulink.reader.internal.dataprocessor.impl.SimulinkBlockProcessor.getReferenceSimulinkBlock(SimulinkBlockProcessor.java:189)
	at com.etas.mex.common.simulink.reader.internal.dataprocessor.impl.SimulinkBlockProcessor.getReferenceModel(SimulinkBlockProcessor.java:174)
	at com.etas.ehcb.common.internal.simulink2kaom.converters.model.ReferenceConverter.getActualType(ReferenceConverter.java:41)
	at com.etas.ehcb.common.internal.simulink2kaom.converters.SimulinkModelProcessor.createKaom(SimulinkModelProcessor.java:1022)
	at com.etas.ehcb.common.internal.simulink2kaom.converters.SimulinkModelProcessor.createKaom(SimulinkModelProcessor.java:664)
	at com.etas.ehcb.common.internal.simulink2kaom.converters.SimulinkModelProcessor.addSubBlock(SimulinkModelProcessor.java:477)
	at com.etas.ehcb.common.internal.simulink2kaom.converters.SimulinkModelProcessor.addSimulinkBlocks(SimulinkModelProcessor.java:340)
	at com.etas.ehcb.common.internal.simulink2kaom.converters.SimulinkModelProcessor.addSubBlock(SimulinkModelProcessor.java:536)
	at com.etas.ehcb.common.internal.simulink2kaom.converters.SimulinkModelProcessor.addSubBlock(SimulinkModelProcessor.java:478)
	at com.etas.ehcb.common.internal.simulink2kaom.converters.SimulinkModelProcessor.addSimulinkBlocks(SimulinkModelProcessor.java:340)
	at com.etas.ehcb.common.internal.simulink2kaom.converters.SimulinkModelProcessor.addSubBlock(SimulinkModelProcessor.java:536)
	at com.etas.ehcb.common.internal.simulink2kaom.converters.SimulinkModelProcessor.addSubBlock(SimulinkModelProcessor.java:478)
	at com.etas.ehcb.common.internal.simulink2kaom.converters.SimulinkModelProcessor.addSimulinkBlocks(SimulinkModelProcessor.java:340)
	at com.etas.ehcb.common.internal.simulink2kaom.converters.SimulinkModelProcessor.addSubBlock(SimulinkModelProcessor.java:536)
	at com.etas.ehcb.common.internal.simulink2kaom.converters.SimulinkModelProcessor.addSubBlock(SimulinkModelProcessor.java:478)
	at com.etas.ehcb.common.internal.simulink2kaom.converters.SimulinkModelProcessor.addSimulinkBlocks(SimulinkModelProcessor.java:340)
	at com.etas.ehcb.common.internal.simulink2kaom.converters.SimulinkModelProcessor.createKaomFromConverters(SimulinkModelProcessor.java:220)
	at com.etas.ehcb.common.internal.simulink2kaom.converters.SimulinkModelProcessor.convertSimulinkModel2KaomModel(SimulinkModelProcessor.java:169)
	at com.etas.ehcb.common.internal.simulink2kaom.converters.Simulink2KaomConverter.convert(Simulink2KaomConverter.java:67)
	at com.etas.ehcb.common.api.KaomFactory.getEntity(KaomFactory.java:46)
	at com.etas.graphic.generation.common.synthesis.simulink.SimulinkImageSynthesis.createKaoms(SimulinkImageSynthesis.java:106)
	at com.etas.graphic.generation.common.synthesis.simulink.SimulinkImageSynthesis.generateKaomsImages(SimulinkImageSynthesis.java:82)
	at com.etas.graphic.generation.common.api.GraphicGenerator.generateImagesKaom(GraphicGenerator.java:214)
	at java.base/java.util.Optional.ifPresent(Optional.java:183)
	at com.etas.graphic.generation.common.api.GraphicGenerator.generateImagesKaom(GraphicGenerator.java:207)
	at com.etas.graphic.generation.common.api.GraphicGenerator.lambda$4(GraphicGenerator.java:187)
	at java.base/java.util.stream.ForEachOps$ForEachOp$OfRef.accept(ForEachOps.java:183)
	at java.base/java.util.stream.ReferencePipeline$2$1.accept(ReferencePipeline.java:177)
	at java.base/java.util.stream.ReferencePipeline$3$1.accept(ReferencePipeline.java:195)
	at java.base/java.util.Iterator.forEachRemaining(Iterator.java:133)
	at java.base/java.util.Spliterators$IteratorSpliterator.forEachRemaining(Spliterators.java:1801)
	at java.base/java.util.stream.AbstractPipeline.copyInto(AbstractPipeline.java:484)
	at java.base/java.util.stream.AbstractPipeline.wrapAndCopyInto(AbstractPipeline.java:474)
	at java.base/java.util.stream.ForEachOps$ForEachOp.evaluateSequential(ForEachOps.java:150)
	at java.base/java.util.stream.ForEachOps$ForEachOp$OfRef.evaluateSequential(ForEachOps.java:173)
	at java.base/java.util.stream.AbstractPipeline.evaluate(AbstractPipeline.java:234)
	at java.base/java.util.stream.ReferencePipeline.forEach(ReferencePipeline.java:497)
	at com.etas.graphic.generation.common.api.GraphicGenerator.parseInputFile(GraphicGenerator.java:187)
	at com.etas.graphic.generation.common.api.GraphicGenerator.generate(GraphicGenerator.java:84)
	at com.etas.graphic.generation.Application.initiateGraphicGeneration(Application.java:231)
	at com.etas.graphic.generation.Application.start(Application.java:106)
	at org.eclipse.equinox.internal.app.EclipseAppHandle.run(EclipseAppHandle.java:203)
	at org.eclipse.core.runtime.internal.adaptor.EclipseAppLauncher.runApplication(EclipseAppLauncher.java:136)
	at org.eclipse.core.runtime.internal.adaptor.EclipseAppLauncher.start(EclipseAppLauncher.java:104)
	at org.eclipse.core.runtime.adaptor.EclipseStarter.run(EclipseStarter.java:401)
	at org.eclipse.core.runtime.adaptor.EclipseStarter.run(EclipseStarter.java:255)
	at java.base/jdk.internal.reflect.NativeMethodAccessorImpl.invoke0(Native Method)
	at java.base/jdk.internal.reflect.NativeMethodAccessorImpl.invoke(NativeMethodAccessorImpl.java:62)
	at java.base/jdk.internal.reflect.DelegatingMethodAccessorImpl.invoke(DelegatingMethodAccessorImpl.java:43)
	at java.base/java.lang.reflect.Method.invoke(Method.java:566)
	at org.eclipse.equinox.launcher.Main.invokeFramework(Main.java:659)
	at org.eclipse.equinox.launcher.Main.basicRun(Main.java:596)
	at org.eclipse.equinox.launcher.Main.run(Main.java:1467)
2022-04-04 20:12:14.061 [main] ERROR e.e.c.i.s.c.m.SimulinkBaseConverter - Failed to get source block : Cannot find reference simulink/Logic and Bit\nOperations/Detect\nDecrease for block Actuators/Actuators_mdl/Icc/EdgeFalling/Detect\nDecrease [Reference, 1:1]
com.etas.mex.common.simulink.reader.datainterpreter.DataProcessorException: Cannot find reference simulink/Logic and Bit\nOperations/Detect\nDecrease for block Actuators/Actuators_mdl/Icc/EdgeFalling/Detect\nDecrease [Reference, 1:1]
	at com.etas.mex.common.simulink.reader.internal.dataprocessor.impl.SimulinkBlockProcessor.getReferenceSimulinkBlock(SimulinkBlockProcessor.java:189)
	at com.etas.mex.common.simulink.reader.internal.dataprocessor.impl.SimulinkBlockProcessor.getReferenceModel(SimulinkBlockProcessor.java:174)
	at com.etas.ehcb.common.internal.simulink2kaom.converters.model.SimulinkBaseConverter.setSourceSimulinkBlock(SimulinkBaseConverter.java:170)
	at com.etas.ehcb.common.internal.simulink2kaom.converters.model.SimulinkBaseConverter.createEntity(SimulinkBaseConverter.java:135)
	at com.etas.ehcb.common.internal.simulink2kaom.converters.model.SimulinkBlockConverter.createEntity(SimulinkBlockConverter.java:104)
	at com.etas.ehcb.common.internal.simulink2kaom.converters.model.NonHierarchicalBlockConverter.createEntity(NonHierarchicalBlockConverter.java:33)
	at com.etas.ehcb.common.internal.simulink2kaom.converters.model.DefaultConverter.createEntity(DefaultConverter.java:43)
	at com.etas.ehcb.common.internal.simulink2kaom.converters.SimulinkModelProcessor.createKaom(SimulinkModelProcessor.java:1035)
	at com.etas.ehcb.common.internal.simulink2kaom.converters.SimulinkModelProcessor.createKaom(SimulinkModelProcessor.java:664)
	at com.etas.ehcb.common.internal.simulink2kaom.converters.SimulinkModelProcessor.addSubBlock(SimulinkModelProcessor.java:477)
	at com.etas.ehcb.common.internal.simulink2kaom.converters.SimulinkModelProcessor.addSimulinkBlocks(SimulinkModelProcessor.java:340)
	at com.etas.ehcb.common.internal.simulink2kaom.converters.SimulinkModelProcessor.addSubBlock(SimulinkModelProcessor.java:536)
	at com.etas.ehcb.common.internal.simulink2kaom.converters.SimulinkModelProcessor.addSubBlock(SimulinkModelProcessor.java:478)
	at com.etas.ehcb.common.internal.simulink2kaom.converters.SimulinkModelProcessor.addSimulinkBlocks(SimulinkModelProcessor.java:340)
	at com.etas.ehcb.common.internal.simulink2kaom.converters.SimulinkModelProcessor.addSubBlock(SimulinkModelProcessor.java:536)
	at com.etas.ehcb.common.internal.simulink2kaom.converters.SimulinkModelProcessor.addSubBlock(SimulinkModelProcessor.java:478)
	at com.etas.ehcb.common.internal.simulink2kaom.converters.SimulinkModelProcessor.addSimulinkBlocks(SimulinkModelProcessor.java:340)
	at com.etas.ehcb.common.internal.simulink2kaom.converters.SimulinkModelProcessor.addSubBlock(SimulinkModelProcessor.java:536)
	at com.etas.ehcb.common.internal.simulink2kaom.converters.SimulinkModelProcessor.addSubBlock(SimulinkModelProcessor.java:478)
	at com.etas.ehcb.common.internal.simulink2kaom.converters.SimulinkModelProcessor.addSimulinkBlocks(SimulinkModelProcessor.java:340)
	at com.etas.ehcb.common.internal.simulink2kaom.converters.SimulinkModelProcessor.createKaomFromConverters(SimulinkModelProcessor.java:220)
	at com.etas.ehcb.common.internal.simulink2kaom.converters.SimulinkModelProcessor.convertSimulinkModel2KaomModel(SimulinkModelProcessor.java:169)
	at com.etas.ehcb.common.internal.simulink2kaom.converters.Simulink2KaomConverter.convert(Simulink2KaomConverter.java:67)
	at com.etas.ehcb.common.api.KaomFactory.getEntity(KaomFactory.java:46)
	at com.etas.graphic.generation.common.synthesis.simulink.SimulinkImageSynthesis.createKaoms(SimulinkImageSynthesis.java:106)
	at com.etas.graphic.generation.common.synthesis.simulink.SimulinkImageSynthesis.generateKaomsImages(SimulinkImageSynthesis.java:82)
	at com.etas.graphic.generation.common.api.GraphicGenerator.generateImagesKaom(GraphicGenerator.java:214)
	at java.base/java.util.Optional.ifPresent(Optional.java:183)
	at com.etas.graphic.generation.common.api.GraphicGenerator.generateImagesKaom(GraphicGenerator.java:207)
	at com.etas.graphic.generation.common.api.GraphicGenerator.lambda$4(GraphicGenerator.java:187)
	at java.base/java.util.stream.ForEachOps$ForEachOp$OfRef.accept(ForEachOps.java:183)
	at java.base/java.util.stream.ReferencePipeline$2$1.accept(ReferencePipeline.java:177)
	at java.base/java.util.stream.ReferencePipeline$3$1.accept(ReferencePipeline.java:195)
	at java.base/java.util.Iterator.forEachRemaining(Iterator.java:133)
	at java.base/java.util.Spliterators$IteratorSpliterator.forEachRemaining(Spliterators.java:1801)
	at java.base/java.util.stream.AbstractPipeline.copyInto(AbstractPipeline.java:484)
	at java.base/java.util.stream.AbstractPipeline.wrapAndCopyInto(AbstractPipeline.java:474)
	at java.base/java.util.stream.ForEachOps$ForEachOp.evaluateSequential(ForEachOps.java:150)
	at java.base/java.util.stream.ForEachOps$ForEachOp$OfRef.evaluateSequential(ForEachOps.java:173)
	at java.base/java.util.stream.AbstractPipeline.evaluate(AbstractPipeline.java:234)
	at java.base/java.util.stream.ReferencePipeline.forEach(ReferencePipeline.java:497)
	at com.etas.graphic.generation.common.api.GraphicGenerator.parseInputFile(GraphicGenerator.java:187)
	at com.etas.graphic.generation.common.api.GraphicGenerator.generate(GraphicGenerator.java:84)
	at com.etas.graphic.generation.Application.initiateGraphicGeneration(Application.java:231)
	at com.etas.graphic.generation.Application.start(Application.java:106)
	at org.eclipse.equinox.internal.app.EclipseAppHandle.run(EclipseAppHandle.java:203)
	at org.eclipse.core.runtime.internal.adaptor.EclipseAppLauncher.runApplication(EclipseAppLauncher.java:136)
	at org.eclipse.core.runtime.internal.adaptor.EclipseAppLauncher.start(EclipseAppLauncher.java:104)
	at org.eclipse.core.runtime.adaptor.EclipseStarter.run(EclipseStarter.java:401)
	at org.eclipse.core.runtime.adaptor.EclipseStarter.run(EclipseStarter.java:255)
	at java.base/jdk.internal.reflect.NativeMethodAccessorImpl.invoke0(Native Method)
	at java.base/jdk.internal.reflect.NativeMethodAccessorImpl.invoke(NativeMethodAccessorImpl.java:62)
	at java.base/jdk.internal.reflect.DelegatingMethodAccessorImpl.invoke(DelegatingMethodAccessorImpl.java:43)
	at java.base/java.lang.reflect.Method.invoke(Method.java:566)
	at org.eclipse.equinox.launcher.Main.invokeFramework(Main.java:659)
	at org.eclipse.equinox.launcher.Main.basicRun(Main.java:596)
	at org.eclipse.equinox.launcher.Main.run(Main.java:1467)
2022-04-04 20:12:14.075 [main] ERROR e.e.c.i.s.c.m.SimulinkBaseConverter - Failed to get source block : Cannot find reference simulink/Logic and Bit\nOperations/Detect\nDecrease for block Actuators/Actuators_mdl/Icc/EdgeFalling/Detect\nDecrease [Reference, 1:1]
com.etas.mex.common.simulink.reader.datainterpreter.DataProcessorException: Cannot find reference simulink/Logic and Bit\nOperations/Detect\nDecrease for block Actuators/Actuators_mdl/Icc/EdgeFalling/Detect\nDecrease [Reference, 1:1]
	at com.etas.mex.common.simulink.reader.internal.dataprocessor.impl.SimulinkBlockProcessor.getReferenceSimulinkBlock(SimulinkBlockProcessor.java:189)
	at com.etas.mex.common.simulink.reader.internal.dataprocessor.impl.SimulinkBlockProcessor.getReferenceModel(SimulinkBlockProcessor.java:174)
	at com.etas.ehcb.common.internal.simulink2kaom.converters.model.SimulinkBaseConverter.setSourceSimulinkBlock(SimulinkBaseConverter.java:170)
	at com.etas.ehcb.common.internal.simulink2kaom.converters.model.DefaultPortConverter.createPorts(DefaultPortConverter.java:40)
	at com.etas.ehcb.common.internal.simulink2kaom.converters.model.SimulinkBlockConverter.attachPorts(SimulinkBlockConverter.java:574)
	at com.etas.ehcb.common.internal.simulink2kaom.converters.model.DefaultConverter.createEntity(DefaultConverter.java:58)
	at com.etas.ehcb.common.internal.simulink2kaom.converters.SimulinkModelProcessor.createKaom(SimulinkModelProcessor.java:1035)
	at com.etas.ehcb.common.internal.simulink2kaom.converters.SimulinkModelProcessor.createKaom(SimulinkModelProcessor.java:664)
	at com.etas.ehcb.common.internal.simulink2kaom.converters.SimulinkModelProcessor.addSubBlock(SimulinkModelProcessor.java:477)
	at com.etas.ehcb.common.internal.simulink2kaom.converters.SimulinkModelProcessor.addSimulinkBlocks(SimulinkModelProcessor.java:340)
	at com.etas.ehcb.common.internal.simulink2kaom.converters.SimulinkModelProcessor.addSubBlock(SimulinkModelProcessor.java:536)
	at com.etas.ehcb.common.internal.simulink2kaom.converters.SimulinkModelProcessor.addSubBlock(SimulinkModelProcessor.java:478)
	at com.etas.ehcb.common.internal.simulink2kaom.converters.SimulinkModelProcessor.addSimulinkBlocks(SimulinkModelProcessor.java:340)
	at com.etas.ehcb.common.internal.simulink2kaom.converters.SimulinkModelProcessor.addSubBlock(SimulinkModelProcessor.java:536)
	at com.etas.ehcb.common.internal.simulink2kaom.converters.SimulinkModelProcessor.addSubBlock(SimulinkModelProcessor.java:478)
	at com.etas.ehcb.common.internal.simulink2kaom.converters.SimulinkModelProcessor.addSimulinkBlocks(SimulinkModelProcessor.java:340)
	at com.etas.ehcb.common.internal.simulink2kaom.converters.SimulinkModelProcessor.addSubBlock(SimulinkModelProcessor.java:536)
	at com.etas.ehcb.common.internal.simulink2kaom.converters.SimulinkModelProcessor.addSubBlock(SimulinkModelProcessor.java:478)
	at com.etas.ehcb.common.internal.simulink2kaom.converters.SimulinkModelProcessor.addSimulinkBlocks(SimulinkModelProcessor.java:340)
	at com.etas.ehcb.common.internal.simulink2kaom.converters.SimulinkModelProcessor.createKaomFromConverters(SimulinkModelProcessor.java:220)
	at com.etas.ehcb.common.internal.simulink2kaom.converters.SimulinkModelProcessor.convertSimulinkModel2KaomModel(SimulinkModelProcessor.java:169)
	at com.etas.ehcb.common.internal.simulink2kaom.converters.Simulink2KaomConverter.convert(Simulink2KaomConverter.java:67)
	at com.etas.ehcb.common.api.KaomFactory.getEntity(KaomFactory.java:46)
	at com.etas.graphic.generation.common.synthesis.simulink.SimulinkImageSynthesis.createKaoms(SimulinkImageSynthesis.java:106)
	at com.etas.graphic.generation.common.synthesis.simulink.SimulinkImageSynthesis.generateKaomsImages(SimulinkImageSynthesis.java:82)
	at com.etas.graphic.generation.common.api.GraphicGenerator.generateImagesKaom(GraphicGenerator.java:214)
	at java.base/java.util.Optional.ifPresent(Optional.java:183)
	at com.etas.graphic.generation.common.api.GraphicGenerator.generateImagesKaom(GraphicGenerator.java:207)
	at com.etas.graphic.generation.common.api.GraphicGenerator.lambda$4(GraphicGenerator.java:187)
	at java.base/java.util.stream.ForEachOps$ForEachOp$OfRef.accept(ForEachOps.java:183)
	at java.base/java.util.stream.ReferencePipeline$2$1.accept(ReferencePipeline.java:177)
	at java.base/java.util.stream.ReferencePipeline$3$1.accept(ReferencePipeline.java:195)
	at java.base/java.util.Iterator.forEachRemaining(Iterator.java:133)
	at java.base/java.util.Spliterators$IteratorSpliterator.forEachRemaining(Spliterators.java:1801)
	at java.base/java.util.stream.AbstractPipeline.copyInto(AbstractPipeline.java:484)
	at java.base/java.util.stream.AbstractPipeline.wrapAndCopyInto(AbstractPipeline.java:474)
	at java.base/java.util.stream.ForEachOps$ForEachOp.evaluateSequential(ForEachOps.java:150)
	at java.base/java.util.stream.ForEachOps$ForEachOp$OfRef.evaluateSequential(ForEachOps.java:173)
	at java.base/java.util.stream.AbstractPipeline.evaluate(AbstractPipeline.java:234)
	at java.base/java.util.stream.ReferencePipeline.forEach(ReferencePipeline.java:497)
	at com.etas.graphic.generation.common.api.GraphicGenerator.parseInputFile(GraphicGenerator.java:187)
	at com.etas.graphic.generation.common.api.GraphicGenerator.generate(GraphicGenerator.java:84)
	at com.etas.graphic.generation.Application.initiateGraphicGeneration(Application.java:231)
	at com.etas.graphic.generation.Application.start(Application.java:106)
	at org.eclipse.equinox.internal.app.EclipseAppHandle.run(EclipseAppHandle.java:203)
	at org.eclipse.core.runtime.internal.adaptor.EclipseAppLauncher.runApplication(EclipseAppLauncher.java:136)
	at org.eclipse.core.runtime.internal.adaptor.EclipseAppLauncher.start(EclipseAppLauncher.java:104)
	at org.eclipse.core.runtime.adaptor.EclipseStarter.run(EclipseStarter.java:401)
	at org.eclipse.core.runtime.adaptor.EclipseStarter.run(EclipseStarter.java:255)
	at java.base/jdk.internal.reflect.NativeMethodAccessorImpl.invoke0(Native Method)
	at java.base/jdk.internal.reflect.NativeMethodAccessorImpl.invoke(NativeMethodAccessorImpl.java:62)
	at java.base/jdk.internal.reflect.DelegatingMethodAccessorImpl.invoke(DelegatingMethodAccessorImpl.java:43)
	at java.base/java.lang.reflect.Method.invoke(Method.java:566)
	at org.eclipse.equinox.launcher.Main.invokeFramework(Main.java:659)
	at org.eclipse.equinox.launcher.Main.basicRun(Main.java:596)
	at org.eclipse.equinox.launcher.Main.run(Main.java:1467)
2022-04-04 20:12:14.111 [main] INFO  c.e.m.c.k.i.g.KlighdSvgGenerator    - SVG image generated by Klighd: C:\eHandbook\Container\FlexECUDemo\Demos\Demo_UGG\.\Output_ugg\ImageGeneratorFolder\Simulink\Actuators\DEFAULT\images\S_aab3022.svg
2022-04-04 20:12:14.782 [main] INFO  c.e.m.c.k.i.g.KlighdSvgGenerator    - SVG image generated by Klighd: C:\eHandbook\Container\FlexECUDemo\Demos\Demo_UGG\.\Output_ugg\ImageGeneratorFolder\Simulink\Actuators\DEFAULT\images\S_aab2808.svg
2022-04-04 20:12:14.907 [main] INFO  c.e.m.c.k.i.g.KlighdSvgGenerator    - SVG image generated by Klighd: C:\eHandbook\Container\FlexECUDemo\Demos\Demo_UGG\.\Output_ugg\ImageGeneratorFolder\Simulink\Actuators\DEFAULT\images\S_aab3066.svg
2022-04-04 20:12:15.010 [main] INFO  c.e.m.c.k.i.g.KlighdSvgGenerator    - SVG image generated by Klighd: C:\eHandbook\Container\FlexECUDemo\Demos\Demo_UGG\.\Output_ugg\ImageGeneratorFolder\Simulink\Actuators\DEFAULT\images\S_aab3084.svg
2022-04-04 20:12:15.177 [main] INFO  c.e.m.c.k.i.g.KlighdSvgGenerator    - SVG image generated by Klighd: C:\eHandbook\Container\FlexECUDemo\Demos\Demo_UGG\.\Output_ugg\ImageGeneratorFolder\Simulink\Actuators\DEFAULT\images\S_aab3044.svg
2022-04-04 20:12:15.353 [main] INFO  c.e.m.c.k.i.g.KlighdSvgGenerator    - SVG image generated by Klighd: C:\eHandbook\Container\FlexECUDemo\Demos\Demo_UGG\.\Output_ugg\ImageGeneratorFolder\Simulink\Actuators\DEFAULT\images\S_aab3146.svg
2022-04-04 20:12:15.465 [main] INFO  c.e.m.c.k.i.g.KlighdSvgGenerator    - SVG image generated by Klighd: C:\eHandbook\Container\FlexECUDemo\Demos\Demo_UGG\.\Output_ugg\ImageGeneratorFolder\Simulink\Actuators\DEFAULT\images\S_aab3224.svg
2022-04-04 20:12:15.620 [main] INFO  c.e.m.c.k.i.g.KlighdSvgGenerator    - SVG image generated by Klighd: C:\eHandbook\Container\FlexECUDemo\Demos\Demo_UGG\.\Output_ugg\ImageGeneratorFolder\Simulink\Actuators\DEFAULT\images\S_aab3129.svg
2022-04-04 20:12:15.758 [main] INFO  c.e.m.c.k.i.g.KlighdSvgGenerator    - SVG image generated by Klighd: C:\eHandbook\Container\FlexECUDemo\Demos\Demo_UGG\.\Output_ugg\ImageGeneratorFolder\Simulink\Actuators\DEFAULT\images\S_aab3261.svg
2022-04-04 20:12:15.853 [main] INFO  c.e.m.c.k.i.g.KlighdSvgGenerator    - SVG image generated by Klighd: C:\eHandbook\Container\FlexECUDemo\Demos\Demo_UGG\.\Output_ugg\ImageGeneratorFolder\Simulink\Actuators\DEFAULT\images\S_aab3339.svg
2022-04-04 20:12:16.003 [main] INFO  c.e.m.c.k.i.g.KlighdSvgGenerator    - SVG image generated by Klighd: C:\eHandbook\Container\FlexECUDemo\Demos\Demo_UGG\.\Output_ugg\ImageGeneratorFolder\Simulink\Actuators\DEFAULT\images\S_aab3247.svg
2022-04-04 20:12:16.535 [main] INFO  c.e.m.c.k.i.g.KlighdSvgGenerator    - SVG image generated by Klighd: C:\eHandbook\Container\FlexECUDemo\Demos\Demo_UGG\.\Output_ugg\ImageGeneratorFolder\Simulink\Actuators\DEFAULT\images\S_aab3493.svg
2022-04-04 20:12:17.266 [main] INFO  c.e.m.c.k.i.g.KlighdSvgGenerator    - SVG image generated by Klighd: C:\eHandbook\Container\FlexECUDemo\Demos\Demo_UGG\.\Output_ugg\ImageGeneratorFolder\Simulink\Actuators\DEFAULT\images\S_aab3380.svg
2022-04-04 20:12:17.445 [main] INFO  c.e.m.c.k.i.g.KlighdSvgGenerator    - SVG image generated by Klighd: C:\eHandbook\Container\FlexECUDemo\Demos\Demo_UGG\.\Output_ugg\ImageGeneratorFolder\Simulink\Actuators\DEFAULT\images\S_aab3709.svg
2022-04-04 20:12:17.497 [main] INFO  c.e.m.c.k.i.g.KlighdSvgGenerator    - SVG image generated by Klighd: C:\eHandbook\Container\FlexECUDemo\Demos\Demo_UGG\.\Output_ugg\ImageGeneratorFolder\Simulink\Actuators\DEFAULT\images\S_aab3698.svg
2022-04-04 20:12:17.530 [main] INFO  c.e.m.c.k.i.g.KlighdSvgGenerator    - SVG image generated by Klighd: C:\eHandbook\Container\FlexECUDemo\Demos\Demo_UGG\.\Output_ugg\ImageGeneratorFolder\Simulink\Actuators\DEFAULT\images\S_aab3742.svg
2022-04-04 20:12:17.674 [main] INFO  c.e.m.c.k.i.g.KlighdSvgGenerator    - SVG image generated by Klighd: C:\eHandbook\Container\FlexECUDemo\Demos\Demo_UGG\.\Output_ugg\ImageGeneratorFolder\Simulink\Actuators\DEFAULT\images\S_aab3362.svg
2022-04-04 20:12:17.760 [main] INFO  c.e.m.c.k.i.g.KlighdSvgGenerator    - SVG image generated by Klighd: C:\eHandbook\Container\FlexECUDemo\Demos\Demo_UGG\.\Output_ugg\ImageGeneratorFolder\Simulink\Actuators\DEFAULT\images\S_aab3787.svg
2022-04-04 20:12:17.818 [main] INFO  c.e.m.c.k.i.g.KlighdSvgGenerator    - SVG image generated by Klighd: C:\eHandbook\Container\FlexECUDemo\Demos\Demo_UGG\.\Output_ugg\ImageGeneratorFolder\Simulink\Actuators\DEFAULT\images\S_aab3805.svg
2022-04-04 20:12:17.949 [main] INFO  c.e.m.c.k.i.g.KlighdSvgGenerator    - SVG image generated by Klighd: C:\eHandbook\Container\FlexECUDemo\Demos\Demo_UGG\.\Output_ugg\ImageGeneratorFolder\Simulink\Actuators\DEFAULT\images\S_aab3765.svg
2022-04-04 20:12:18.983 [main] INFO  c.e.m.c.k.i.g.KlighdSvgGenerator    - SVG image generated by Klighd: C:\eHandbook\Container\FlexECUDemo\Demos\Demo_UGG\.\Output_ugg\ImageGeneratorFolder\Simulink\Actuators\DEFAULT\images\S_aab35.svg
2022-04-04 20:12:19.041 [main] INFO  c.e.m.c.k.i.g.KlighdSvgGenerator    - SVG image generated by Klighd: C:\eHandbook\Container\FlexECUDemo\Demos\Demo_UGG\.\Output_ugg\ImageGeneratorFolder\Simulink\Actuators\DEFAULT\images\S_aab1.svg
2022-04-04 20:12:19.104 [main] INFO  m.u.ComponentManifestToXmlConverter - Created component graphics manifest xml: C:\eHandbook\Container\FlexECUDemo\Demos\Demo_UGG\.\Output_ugg\ImageGeneratorFolder\Simulink\Actuators\Actuators_Manifest.xml
2022-04-04 20:12:19.135 [main] INFO  .e.g.g.c.s.s.SimulinkImageSynthesis - Simulink model conversion successful for: C:\eHandbook\Container\FlexECUDemo\Demos\Demo_UGG\.\Input_ugg\Actuators\Actuators.mdl
2022-04-04 20:12:21.645 [main] INFO  c.e.g.g.c.util.ArtifactsZipUtil     - Files successfully zipped to C:\eHandbook\Container\FlexECUDemo\Demos\Demo_UGG\.\Output_ugg\ImageGeneratorFolder\Simulink\Actuators.ugg
2022-04-04 20:12:21.646 [main] INFO  ROOT                                - Number of ERROR in log: 27
2022-04-04 20:12:21.647 [main] INFO  ROOT                                - Number of WARNING in log: 0
2022-04-04 20:12:21.647 [main] INFO  ROOT                                - Number of Broken Images in log: 0
